"id","id_dz","id_pyt","pytanie","odpa","odpb","odpc"
1,1,1,"Czy opór elektryczny przewodu zależy od materiału z którego jest wykonany?","zależy","nie zależy","zależy od izolacji przewodu"
2,1,2,"Izolatorami nazywamy materiały które:","nie przewodzą prądu elektrycznego","przewodzą słabo","przewodzą prąd przy wysokim napięciu"
3,1,3,"Który przewód o tej samej długości i przekroju będzie miał największą oporność?","wykonany z aluminium","wykonany z żelaza","wykonany z miedzi"
4,1,4,"Który z materiałów ma własności półprzewodnikowe?","złoto","german","platyna"
5,1,5,"Żarówka 12 V pobiera z baterii 0,1 A. Jaką oporność ma żarówka?","oporność 120 om","oporność 12 om","oporność 1,2 kom"
6,1,6,"Żarówka ma moc 24 W i pobiera z akumulatora 2 A. Jakie jest napięcie akumulatora?","napięcie wynosi 24 V","napięcie wynosi 12 V","napięcie wynosi 48 V"
7,1,7,"Źródła chemiczne prądu dają prąd:","stały","zmienny","pulsujący"
8,1,8,"Akumulator ma pojemność 20 Ah. Jak długo będzie świecić z niego żarówka pobierająca 4 A?","5 godzin","4 godziny","80 godzin"
9,1,9,"Ile bateryjek 4,5 V potrzebujemy połączyć w szereg, by uzyskać baterię anodową o napięciu 90 V?","15 szt.","10 szt.","20 szt."
10,1,10,"Ładunki elektryczne w przestrzeni przyciągają się jeżeli:","są jednoimienne","są różnoimienne","są daleko"
11,1,11,"Materiały ferromagnetyczne to materiały które przewodzą pole magnetyczne:","lepiej niż powietrze","tak jak powietrze","gorzej niż powietrze"
12,1,12,"Jaki kierunek przyjmuje pole magnetyczne wokół przewodnika z prądem?","jest prostopadłe do przewodu","jest do niego równoległe","jest ukośne do przewodu"
13,1,13,"Jeżeli składowa elektryczna fali jest prostopadła do ziemi to fala ma polaryzację?","poziomą","pionową","kołową"
14,1,14,"Czy prędkość fali elektromagnetycznej zależy od ośrodka w którym się rozchodzi?","tak","nie zależy","jest zawsze jednakowa"
15,1,15,"Długość fali wynosi 1500 metrów. Jaka jest częstotliwość tej fali?","2 MHz","200 kHz","233 kHz"
16,1,16,"Jaki zakres częstotliwości dźwięków wystarcza dla zrozumiałego nadawania mowy?","od 300 Hz do 3,2 kHz","od 100Hz do 5 kHz","od 20 Hz do 15 kHz"
17,1,17,"Nadajnik UKF ma kwarc kanałowy 12 MHz. Ile razy musi być powielony, by uzyskać 144 MHz?","16 razy","12 razy","18 razy"
18,1,18,"Modulacja telegraficzna CW polega na:","przerywaniu fali nośnej","zmianie jej częstotliwości","zmianie jej amplitudy"
19,1,19,"Kanał radiowy nadajnika telegraficznego CW jest:","bardzo szeroki","bardzo wąski","średni"
20,1,20,"Przy modulacji częstotliwości FM szerokość kanału radiowego dla nadajników amatorskich UKF wynosi:","12,5 kHz","50 kHz","200 kHz"
21,1,21,"Jaka jest szerokość kanału radiowego przy emisji SSB?","9 kHz","3,5 kHz","1,5 kHz"
22,1,22,"Amatorska telewizja z powolnym analizowaniem SSTV może być stosowana do łączności prowadzonych:","na duże odległości na falach krótkich","tylko na UKF","tylko w internecie"
23,1,23,"Która z podanych mocy PEP odpowiada napięciu maksymalnemu U max = 100 V, zmierzonemu oscyloskopem na wyjściu nadajnika, na obciążeniu 50 om?","200 W","100 W","50 W"
24,1,24,"Opornik warstwowy metalizowany jest wykonany jako:","metalowa warstwa oporowa na wałku ceramicznym","warstwa drutu oporowego nawiniętego na wałku ceramicznym","warstwa oporowa węglowa na wałku ceramicznym"
25,1,25,"Do cewki powietrznej 100 uH wkładamy rdzeń ferrytowy o względnej przenikalności μ =10. Ile wyniesie indukcyjność cewki?","wzrośnie do 1000 μH","nie zmieni się","zmaleje do 10 μH"
26,1,26,"Są dwie cewki powietrzne. Przy tej samej średnicy i ilości zwojów, L1 jest nawinięta drutem dwa razy grubszym niż L2. Która z nich ma większą dobroć Q?","cewka L2","cewka L1","obie mają taką samą dobroć, bo mają tą samą średnicę"
27,1,27,"Przekładnia transformatora wynosi 20 do 1. Strona pierwotna włączona jest na napięcie sieci 240 V. Jakie napięcie będzie po stronie wtórnej?","24 V","12 V","20 V"
28,1,28,"Diody prostownicze zasilające są stosowane do:","prostowania prądów wysokiej częstotliwości","do prostowania prądu w zasilaczach","do stabilizacji napięć"
29,1,29,"Diody Zenera to diody do:","stabilizacji napięć","świecące","na bardzo wysokie częstotliwości"
30,1,30,"Warikap to dioda:","dioda mikrofalowa","dioda pojemnościowa","dioda stabilizacyjna"
31,1,31,"Z jakich pierwiastków wykonywane są tranzystory i obwody scalone?","z absolutnie czystego krzemu i germanu","z czystego krzemu i germanu z domieszkami boru i arsenu","z krzemu i tlenków krzemu"
32,1,32,"Do jakiego typu układów scalonych należy scalony wzmacniacz akustyczny?","do układów scalonych cyfrowych","do układów scalonych analogowych","do scalonych pamięci"
33,1,33,"Kalkulator zawiera jeden układ scalony, wyświetlacz i klawiaturę. Do jakiej grupy zaliczymy układ scalony?","małej skali integracji","średniej skali integracji","wielkiej skali integracji"
34,1,34,"Lampa elektronowa pentoda posiada:","pięć elektrod","cztery elektrody","trzy elektrody"
35,1,35,"Cztery oporniki o wartościach 5 om zostały połączone szeregowo. Ile wynosi oporność zastępcza tych oporów?","10 om","20 om","40 om"
36,1,36,"Ile oporników o wartości 200 om należy połączyć równolegle by uzyskać sztuczne obciążenie antenowe 50 om?","5 szt","2 szt","4 szt"
37,1,37,"Na rysunku przedstawiono schemat prostownika. Jak nazywa się ten rodzaj prostownika?","prostownik dwupołówkowy","prostownik jednopołówkowy","prostownik mostkowy dwupołówkowy"
38,1,38,"Na rysunku przedstawiono schemat prostownika. Jak nazywa się ten rodzaj prostownika?","prostownik dwupołówkowy","prostownik jednopołówkowy","prostownik mostkowy dwupołówkowy"
39,1,39,"Wzmacniacz wzmacnia sygnały w zakresie od 100Hz do 10 kHz. Wzmacniacz ten nazywamy wzmacniaczem:","niskiej częstotliwości","wzmacniaczem pośredniej częstotliwości","wzmacniaczem selektywnym"
40,1,40,"Kiedy wzmacniacz jest przesterowany?","jak ma za duże napięcie zasilania","jak ma za duże napięcie wejściowe","jak pracuje w klasie C"
41,1,41,"W jakiej klasie ma pracować wzmacniacz rezonansowy w.cz. do wzmacniania sygnału SSB?","w klasie C","w klasie AB","impulsowo"
42,1,42,"Na rysunku przedstawiono schemat stabilizacji PLL w formie ponumerowanych ale nie opisanych bloków. Blok 1 to:","generator stabilizowany","komparator","dzielnik wzorca"
43,1,43,"Na rysunku przedstawiono schemat stabilizacji PLL w formie ponumerowanych ale nie opisanych bloków. Blok 4 to:","dzielnik wzorca","generator wzorca","dzielnik wzorca"
44,1,44,"Na rysunku przedstawiono schemat blokowy odbiornika bezpośredniego wzmocnienia z reakcją. Blok 3 to:","wzmacniacz akustyczny","detektor z reakcją","wzmacniacz w.cz."
45,1,45,"Na rysunku przedstawiono schemat blokowy odbiornika superheterodynowego AM z pojedynczą przemianą. Blok 1 to:","filtr wejściowy","wzmacniacz akustyczny","detektor AM"
46,1,46,"Na rysunku przedstawiono schemat blokowy odbiornika superheterodynowego AM z pojedynczą przemianą. Blok 5 to:","heterodyna","wzmacniacz akustyczny","detektor AM"
47,1,47,"Na rysunku przedstawiono schemat blokowy odbiornika superheterodynowego AM, CW, SSB z podwójną przemianą częstotliwości. Blok 1 to:","wzmacniacz w.cz.","wzmacniacz akustyczny","detektor AM CW SSB"
48,1,48,"Na rysunku przedstawiono schemat blokowy odbiornika superheterodynowego AM, CW, SSB z podwójną przemianą częstotliwości. Blok 9 to:","wzmacniacz akustyczny","wzmacniacz pośredniej cz.","heterodyna"
49,1,49,"Na rysunku przedstawiono schemat blokowy odbiornika homodynowego CW i SSB, na jedno pasmo amatorskie. Blok 1 to:","filtr wejściowy","wzmacniacz akustyczny","heterodyna"
50,1,50,"Na rysunku przedstawiono schemat blokowy odbiornika superheterodynowego FM na pasmo 144 MHz z podwójną przemianą częstotliwości, pracującego w kanałach fonicznych, stabilizowany kwarcami. Blok 2 to:","wzmacniacz akustyczny","I mieszacz","wzmacniacz II p.cz."
51,1,51,"Jaka powinna być stabilność heterodyny w odbiorniku komunikacyjnym? Częstotliwość heterodyny na najwyższym zakresie po włączeniu odbiornika powinna zmieniać się nie więcej jak:","o 200Hz","o 500 Hz","o 1000 Hz"
52,1,52,"Na rysunku przedstawiono schemat blokowy nadajnika telegraficznego na jedno pasmo amatorskie. Blok 4 to:","filtr wyjściowy","wzmacniacz mocy (PA)","separator"
53,1,53,"Na rysunku przedstawiono schemat blokowy nadajnika telegraficznego na kilka pasm amatorskich z powielaniem częstotliwości. Blok 1 to:","wzmacniacz mocy (PA)","oscylator (VFO)","separator"
54,1,54,"Na rysunku przedstawiono schemat blokowy nadajnika SSB na dwa pasma amatorskie z wzbudnicą 9 MHz. Blok 1 to:","wzmacniacz mocy (PA)","oscylator (VFO) 5 - 5.5 MHz","wzbudnica SSB 9 MHz"
55,1,55,"Na rysunku przedstawiono schemat blokowy nadajnika SSB na dwa pasma amatorskie z wzbudnicą 9 MHz. Blok 2 to:","wzmacniacz sterujący","mieszacz","filtr wyjściowy"
56,1,56,"Na rysunku przedstawiono schemat blokowy nadajnika UKF na pasmo 144MHz z powielaniem częstotliwości kanałowego generatora kwarcowego 8 MHz. Blok 1 to:","wzmacniacz mocy (PA)","generator kwarcowy modulowany","modulator"
57,1,57,"Na rysunku przedstawiono schemat blokowy nadajnika UKF na pasmo 144MHz z powielaniem częstotliwości kanałowego generatora kwarcowego 8 MHz. Blok 7 to:","modulator","filtr wyjściowy","I powielacz x 3"
58,1,58,"Jaka jest horyzontalna charakterystyka promieniowania dipola półfalowego zawieszonego poziomo?","dookólna","ósemkowa","kierunkowa w linii zawieszenia"
59,1,59,"Jaka jest horyzontalna charakterystyka promieniowania pionowej anteny ćwierćfalowej?","dookólna","kierunkowa","w kształcie koniczyny"
60,1,60,"Na rysunku przedstawiona jest antena typu Yagi. Element 1 to:","reflektor","radiator","I direktor"
61,1,61,"Na rysunku przedstawiona jest antena typu Yagi. Element 2 to:","radiator","II direktor","reflektor"
62,1,62,"Na rysunku przedstawiona jest antena typu Yagi. Element 3 to:","radiator","I direktor","II direktor"
63,1,63,"Na rysunku przedstawiona jest antena typu Yagi. Element 4 to:","I direktor","II direktor","radiator"
64,1,64,"Dlaczego kable koncentryczne nadawcze wykonywane są z opornością falową 50 om?","bo jest ona zbliżona do oporności dipola półfalowego","bo najłatwiej takie wykonać","bo wymagają do wykonania najmniejszej ilości materiału"
65,1,65,"W jakim przypadku powstaje w linii przesyłowej w.cz. fala stojąca?","kiedy kabel nie jest ułożony prosto","kiedy obok kabla koncentrycznego przechodzi inny kabel","kiedy oporność obciążenia nie jest zgodna z opornością falową kabla"
66,1,66,"Jak nazywa się przyrząd do mierzenia fali stojącej w kablu koncentrycznym?","rezystomierz","reflektometr","refraktometr"
67,1,67,"Reflektometr wskazuje że fala padająca równa jest odbitej. WFS równy jest nieskończoność. Co może być przyczyną takiego stanu?","zwarcie lub przerwa w kablu","niewielka zmiana oporności falowej anteny","zamoczenie izolacji w kablu"
68,1,68,"Połączenie niesymetrycznego kabla koncentrycznego 50 om do symetrycznej anteny o oporności falowej 50 om wymaga zastosowania:","transformatora impedancji 1 do 4","symetryzatora 1 do 1","baluna o przekładni 1 do 2"
69,1,69,"Czy stan jonosfery ma wpływ na rozchodzenie się fal krótkich?","słaby","tylko okresowo, w dzień","ma bardzo duży wpływ"
70,1,70,"Co jaki okres czasu następują bardzo dobre warunki propagacyjne i z czym to jest związane?","nieregularnie","co kilka lat w związku z ociepleniem","regularnie co 11 lat przy maksymalnej aktywności słonecznej"
71,1,71,"Co to jest zasięg horyzontalny na UKF?","zasięg wyznaczony linią horyzontu przy prostoliniowym rozchodzeniu się fal","zasięg obliczony z mocy promieniowanej e.i.r.p.","zasięg teoretyczny nadajnika"
72,1,72,"Dalekie rozchodzenie się fal UKF podczas inwersji temperaturowej w troposferze polega na:","na wielokrotnym odbijaniu się fal od ciepłej ziemi","na odbijaniu fal radiowych od ciepłego powietrza","prowadzeniu fal przez dukty powstałe z warstw ciepłego i zimnego powietrza"
73,1,73,"Skrót EME oznacza łączności na UKF:","z wykorzystaniem odbicia sygnału od Księżyca","wykorzystaniem do łączności siły elektromotorycznej SEM","za pomocą elektromagnetycznej emisji EME na UKF"
74,1,74,"Jak nazywa się przyrząd do pomiaru napięcia?","omomierz","woltomierz","amperomierz"
75,1,75,"Jakim przyrządem możemy zmierzyć wartość opornika?","omomierzem","woltomierzem","amperomierzem"
76,1,76,"Co to jest przyrząd uniwersalny wielozakresowy?","przyrząd do pomiaru tylko jednego napięcia","przyrząd do pomiarów, napięć, prądów, oporności, w wielu zakresach","przyrząd do pomiaru wielu napięć"
77,1,77,"Jak zmierzyć moc prądu stałego?","zmierzyć prąd i napięcie w obwodzie i obliczyć","zmierzyć oporność obwodu i obliczyć","zmierzyć prąd i obliczyć"
78,1,78,"Jak w warunkach amatorskich zmierzyć moc wyjściową nadajnika?","poprzez pomiar napięcia skutecznego na oporze sztucznej anteny 50 om i obliczenie","poprzez pomiar prądu i napięcia stałego doprowadzonego do stopnia mocy (PA)","poprzez uzyskanie raportu od korespondenta"
79,1,79,"Jakim przyrządem mierzymy dopasowanie obciążenia do kabla koncentrycznego?","żarówką włączoną w szereg na maksimum świecenia","sprawdzeniem czy kabel się nie grzeje","za pomocą reflektometru przelotowego"
80,1,80,"Jak zwalczamy zakłócenia rozprowadzane siecią energetyczną?","przez stosowanie grubych przewodów","przez stosowanie filtrów sieciowych i ekranowanie urządzeń oraz odpowiednią konstrukcję","przez zasilanie bateryjne urządzeń"
81,1,81,"Co to jest kompatybilność elektromagnetyczna (EMC)?","zamienność urządzeń","wymogi co do podobnej obsługi urządzeń elektrycznych","taka konstrukcja sprzętu, by urządzenia nie wpływały na siebie i mogły pracować bez powodowania wzajemnych zakłóceń"
82,1,82,"Jeżeli nadajnik amatorski powoduje zakłócenia, to jakie elementy sprawdzamy w pierwszej kolejności?","zawieszenie anteny","odbiornik","liniowość stopnia mocy (PA) i filtr wyjściowy"
83,1,83,"Dlaczego w zabudowie miejskiej stosujemy do anten kable koncentryczne?","bo są ogólnie dostępne","bo są trwałe","bo przy dopasowaniu nie promieniują energii i mogą przechodzić obok innych anten i urządzeń"
84,1,84,"Jeżeli nadajnik promieniuje energię w.cz. poprzez sieć zasilającą to stosujemy:","filtr w.cz. na wyjściu antenowym nadajnika","uziemiamy obudowę","uziemiamy obudowę i włączamy filtr sieciowy w zasilanie"
85,1,85,"Jaka instytucja zajmuje się lokalizowaniem zakłóceń radiowych i radioelektrycznych oraz badaniem sprzętu radionadawczego?","Urząd Komunikacji Elektronicznej","Ministerstwo Ochrony Środowiska","Sztaby antykryzysowe"
86,1,86,"Prąd elektryczny w przewodzie metalowym płynie dzięki obecności w nim:","swobodnych jonów","wolnych elektronów","wolnych atomów"
87,1,87,"Jak zmienia się opór przewodu miedzianego podczas wzrostu temperatury?","opór maleje","opór rośnie","nie zmienia się"
88,1,88,"Jaki ładunek ma elektron?","dodatni","nie posiada ładunku","ujemny"
89,1,89,"W obwodach elektrycznych przyjmujemy, że kierunek przepływu prądu odbywa się:","od wyższego potencjału + do niższego –","w prawo zgodnie z wskazówkami zegara","przeciwnie do wskazówek zegara"
90,1,90,"W obwodzie prądu stałego przez opornik 1000 om płynie prąd 2 mA. Jaki jest spadek napięcia na oporze?","spadek wynosi 500 V","spadek wynosi 2000 V","spadek wynosi 2 V"
91,1,91,"Akumulator ma napięcie 6,5 V. Do akumulatora chcemy podłączyć żarówkę 3,5 V 0,3 A. Jaki opornik należy włączyć w szereg, by ograniczyć prąd?","opornik 3,5 om","opornik 100 om","opornik 10 om"
92,1,92,"Opornik ma 200 om. Płynie przez niego prąd 300 mA. Jaka jest moc tracona w oporze?","18 W","1800 W","1,8 W"
93,1,93,"98. Jakie napięcie występuje na oporze 50 om przy dostarczeniu do niego mocy 200 W?","100 V","200 V","50 V"
94,1,94,"Mamy opornik 100 om dołączony do napięcia 3 V. Z jakiej grupy mocy wybierzemy opornik?","grupa 1 W","grupa 0,125 W","grupa 0,5 W"
95,1,95,"Jaka jest częstotliwość prądu zmiennego, którego okres wynosi 0,02 sek.?","100 Hz","50 Hz","60 Hz"
96,1,96,"Wartość amplitudy napięcia sinusoidalnego wynosi 200 V. Jaka jest wartość skuteczna napięcia?","200 V","400 V","141,8 V"
97,1,97,"Napięcie międzyszczytowe sinusoidalnego napięcia zmiennego wynosi 678 V. Ile wynosi wartość skuteczna tego napięcia?","340 V","240 V","680 V"
98,1,98,"Siła elektromotoryczna ogniwa wynosi 1,5 V. Oporność wewnętrzna ogniwa wynosi 0,1 oma. Z ogniwa pobieramy prąd 1 A. Jakie będzie napięcie na zaciskach ogniwa?","1.5 V","1 V","1,4 V"
99,1,99,"Pole elektryczne nazywamy jednorodnym jeżeli:","linie sił pola są prostopadłe","linie układają się w koła","linie sił są równoległe"
100,1,100,"Pole elektryczne może być ekranowane za pomocą:","ekranów z blach metalowych","ekranów z izolatorów","ekranów z luster"
101,1,101,"Do jakich materiałów magnetycznych należą magnesy stałe?","materiałów paramagnetycznych","materiałów magnetycznie twardych","magnetycznie miękkich"
102,1,102,"Dlaczego rdzenie transformatorów wykonywane są z blaszek a nie z litego materiału?","ze względu na lepsze chłodzenie","ze względu na łatwiejsze wykonanie","ze względu na mniejsze straty przy prądach wirowych"
103,1,103,"Ekranowanie pól magnetycznych wykonujemy z materiałów:","izolacyjnych","z materiałów o wysokiej przenikalności magnetycznej","z materiałów o małym oporze właściwym"
104,1,104,"Fala elektromagnetyczna ma dwie składowe. Zaznacz która kombinacja jest poprawna:","składowa elektryczna i składowa prędkości","składowa elektryczna i magnetyczna","składowa magnetyczna i składowa prędkości"
105,1,105,"Częstotliwość pracy nadajnika amatorskiego wynosi 3,5714 MHz. Jaka jest dokładna długość fali tego nadajnika?","80 m","84 m","81,08 m"
106,1,106,"Czy czysty sygnał sinusoidalny 1000 Hz, zawiera harmoniczne 2000 Hz i 3000 Hz?","zawiera tylko 2000 Hz","zawiera obie harmoniczne","nie zawiera w ogóle harmonicznych"
107,1,107,"Czy można prowadzić powielanie częstotliwości w stopniu mocy nadajnika?","tak","nie","jest to bez znaczenia"
108,1,108,"Przy modulacji amplitudy AM szerokość kanału radiowego zależy od:","najniższych częstotliwości modulujących","amplitudy modulującego sygnału","najwyższych częstotliwości modulujących"
109,1,109,"Modulacja cyfrowa FSK oznacza przesyłanie sygnału telegrafii maszynowej RTTY za pomocą:","modulacji amplitudy","modulacji fazy","modulacji z przesuwem częstotliwości"
110,1,110,"Moc wyjściową nadajnika FM podano w dBW i wynosi ona 13 dBW. Ile to jest w watach? (dla ułatwienia podajemy, że 10 dBW odpowiada 10 W)","5 W","130 W","20 W"
111,1,111,"Napięcie na wejściu odbiornika na oporności 50 om wynosi 10 μV. Napięcie to wzrosło do 100 μV. O ile wzrosło napięcie wyrażone w dB?","o 10 dB","o 20 dB","o 40 dB"
112,1,112,"Zasilacz nadajnika dostarcza do stopnia końcowego nadajnika napięcie 500 V i prąd 200 mA. Jaka jest sprawność energetyczna stopnia końcowego w % jeżeli na wyjściu zmierzyliśmy moc PEP = 40 W?","50 %","40 %","60 %"
113,1,113,"Tolerancja wykonania opornika 1 kom wynosi 5 %. W jakich granicach zawiera się jego oporność?","od 0,9 do 1,1 kom","od 0,98 do 1,02 kom","od 950 om do 1050 om"
114,1,114,"Spadek napięcia na oporniku wynosi 100 V, przy prądzie 10 mA. Opornik jakiej mocy zastosujemy w tym miejscu?","0,125 W","1 W","0,5 W"
115,1,115,"Kondensator mikowy ma pojemność 6800 pF, i napięcie pracy 500V. Czy można go zastosować w miejsce kondensatora 6,8 nF o napięciu pracy 250 V?","tak można","nie można","można, ale potrzebne są dwa takie kondensatory"
116,1,116,"W obwodzie prądu zmiennego przy tej samej częstotliwości zmieniono kondensator 2200 pF na 22 nF. Ile razy zmniejszyła się zawada Xc?","2 razy","100 razy","10 razy"
117,1,117,"Prąd zmienny płynący przez kondensator C:","wyprzedza napięcie na kondensatorze o 90 stopni","jest w fazie z napięciem","opóźnia się o 90 stopni wobec napięcia"
118,1,118,"Tranzystor krzemowy ma wzmocnienie prądowe β = 100. Napięcie zasilania wynosi 5 V. Przez kolektor tego tranzystora płynie prąd 100 mA. Jaki jest prąd bazy tego tranzystora?","1 mA","5 mA","20 mA"
119,1,119,"Przy jakich napięciach anodowych pracują amatorskie lampowe wzmacniacze mocy?","do 200 V","do 50 V","od 1,5 kV do 3 kV"
120,1,120,"W jakiej klasie wzmacniacza pracuje lampowy stopień mocy nadajnika telegraficznego?","w klasie A","w klasie C","w klasie AB"
121,1,121,"Mamy dwa kondensatory o pojemności jeden 4,7 nF a drugi 300 pF. Jak należy je połączyć by uzyskać pojemność 5000 pF?","szeregowo","równolegle","nie da się z nich złożyć 5000 pF"
122,1,122,"W układzie były trzy kondensatory po 30 μF połączone szeregowo . Każdy z nich ma napięcie pracy 100V. Czy możemy je zastąpić jednym kondensatorem 10 μF i o jakim napięciu pracy?","nie możemy","możemy stosując kondensator na napięcie 100 V","możemy, stosując kondensator na napięcie 300V"
123,1,123,"Dwie indukcyjności nie sprzężone mają 30 μH i 60 μH. Ile wynosi indukcyjność zastępcza przy połączeniu szeregowym tych indukcyjności?","90 μH","20 μH","45 μH"
124,1,124,"Dwa oporniki 1 kom połączone są w szereg i dołączone do napięcia 200 V. Jaki jest spadek napięcia na każdym z tych oporników?","50 V","100 V","200 V"
125,1,125,"Obwód rezonansowy równoległy LC, w punkcie rezonansu przedstawia oporność:","rzeczywistą omową","reaktancję pojemnościową","reaktancję indukcyjną"
126,1,126,"Mamy obwód rezonansowy o częstotliwości 3,5 MHz. W jego skład wchodzi pojemność C = 400 pF. Jaką pojemność należy dołączyć zamiast C, by przestroić obwód na 7 MHz?","200 pF","100 pF","57 pF"
127,1,127,"Pasmo obwodu rezonansowego zależy od dobroci Q obwodu. Jeżeli Q = 100 to ile wynosi pasmo przy częstotliwości obwodu 14 MHz?","280 kHz","14 kHz","140 kHz"
128,1,128,"Jakie pasmo musi posiadać filtr pasmowy dla poprawnego odbioru stacji radiofonicznej AM?","9 kHz","20 kHz","3.5 kHz"
129,1,129,"Na rysunku przedstawiono schemat prostownika. Jak nazywa się ten rodzaj prostownika?","prostownik dwupołówkowy","prostownik jednopołówkowy","prostownik mostkowy dwupołówkowy"
130,1,130,"Transformator zasilacza ma napięcie Usk = 300 V. Czy w prostowniku jednopołówkowym można użyć diody wytrzymującej wstecznie 400 V?","tak","nie","tak, ale z opornikiem w szereg"
131,1,131,"Napięcie na wyjściu zasilacza nieobciążonego z filtrem pojemnościowym, wynosi 25 V. Jakie jest napięcie Usk transformatora zasilającego diody?","25 V","17,7 V","20 V"
132,1,132,"Wzmacniacz posiada wzmocnienie napięciowe 10 razy. Wyraź to wzmocnienie w decybelach (dB)","10 dB","20 dB","40 dB"
133,1,133,"Wzmacniacz wysokiej częstotliwości obciążony obwodem rezonansowym jest:","wzmacniaczem selektywnym","wzmacniaczem szerokopasmowym","wzmacniaczem akustycznym"
134,1,134,"Czy we wzmacniaczu mocy pracującym idealnie liniowo, powstają harmoniczne?","tak","nie","tak ale małe"
135,1,135,"Na rysunku przedstawiono schemat detektora diodowego. Jaką rolę spełnia w nim kondensator C1?","jest kondensatorem filtrującym prądy w.cz.","poprawia odtwarzanie wysokich tonów","chroni słuchawki przed uszkodzeniem"
136,1,136,"Dlaczego do detekcji sygnałów telegrafii CW używamy produkt detektora i pomocniczego generatora BFO?","bo sygnał CW jest przerywany","musimy wytworzyć słyszalne dudnienia z niemodulowanym sygnałem CW","bo sygnał CW jest słaby"
137,1,137,"Aby czytelnie odebrać sygnał SSB, to przy odbiorze dolnej wstęgi (LSB) sygnał odtwarzający falę nośną powinien być:","poniżej wstęgi LSB","powyżej wstęgi LSB","w środku LSB"
138,1,138,"Czy dyskryminator sygnału FM powinien reagować na modulację amplitudy sygnału FM?","nie","tak","nie ma to znaczenia"
139,1,139,"Warunkiem wzbudzenia się generatora z obwodem rezonansowym jest:","zastosowanie obwodu rezonansu szeregowego","spełnienie warunku amplitudy i fazy","zastosowanie ujemnego sprzężenia zwrotnego"
140,1,140,"Na rysunku przedstawiono kilka układów generatorów. Są one ponumerowane od 1 do 4. Wybierz pod która literą znajdują się poprawne nazwy generatorów zgodne z kolejnością ich narysowania.","Meissner , Hartley, Colpitts, Clapp","Colpits, Hartley, Clapp, Meisner","Clapp, Colpitts, Hartley, Meissner"
141,1,141,"Oscylator kwarcowy ma wysoką stabilność częstotliwości. Zawdzięcza ją:","zasilaniu z stabilizowanego zasilacza","zastosowaniu specjalnego tranzystora","zastosowaniu rezonatora kwarcowego"
142,1,142,"Kwarce owertonowe to rezonatory kwarcowe pracujące na:","częstotliwościach harmonicznych","na częstotliwościach podstawowych","na częstotliwościach pasożytniczych"
143,1,143,"Na rysunku przedstawiono schemat stabilizacji PLL w formie ponumerowanych ale nie opisanych bloków. Blok 2 to:","komparator","dzielnik nastawny","generator wzorca"
144,1,144,"Na rysunku przedstawiono schemat stabilizacji PLL w formie ponumerowanych ale nie opisanych bloków. Blok 3 to:","dzielnik nastawny","komparator","wzmacniacz błędu"
145,1,145,"Na rysunku przedstawiono schemat stabilizacji PLL w formie ponumerowanych ale nie opisanych bloków. Blok 5 to:","dzielnik wzorca","generator stabilizowany","komparator"
146,1,146,"Na rysunku przedstawiono schemat stabilizacji PLL w formie ponumerowanych ale nie opisanych bloków. Blok 6 to:","komparator","dzielnik nastawny","wzmacniacz błędu"
147,1,147,"Na rysunku przedstawiono schemat blokowy odbiornika bezpośredniego wzmocnienia z reakcją. Blok 1 to:","detektor z reakcją","wzmacniacz w. cz","wzmacniacz akustyczny"
148,1,148,"Na rysunku przedstawiono schemat blokowy odbiornika bezpośredniego wzmocnienia z reakcją. Blok 2 to:","wzmacniacz w. cz.","wzmacniacz akustyczny","detektor z reakcją"
149,1,149,"Na rysunku przedstawiono schemat blokowy odbiornika superheterodynowego AM z pojedynczą przemianą. Blok 2 to:","wzmacniacz akustyczny","mieszacz","detektor AM"
150,1,150,"Na rysunku przedstawiono schemat blokowy odbiornika superheterodynowego AM z pojedynczą przemianą. Blok 3 to:","filtr wejściowy","wzmacniacz pośredniej cz.","heterodyna"
151,1,151,"Na rysunku przedstawiono schemat blokowy odbiornika superheterodynowego AM z pojedynczą przemianą. Blok 4 to:","wzmacniacz akustyczny","filtr wejściowy","detektor AM"
152,1,152,"Na rysunku przedstawiono schemat blokowy odbiornika superheterodynowego AM z pojedynczą przemianą. Blok 6 to:","filtr wejściowy","wzmacniacz akustyczny","heterodyna"
153,1,153,"Na rysunku przedstawiono schemat blokowy odbiornika superheterodynowego AM, CW, SSB z podwójną przemianą częstotliwości. Blok 2 to:","wzmacniacz akustyczny","I mieszacz","filtr przełączany II p.cz."
154,1,154,"Na rysunku przedstawiono schemat blokowy odbiornika superheterodynowego AM, CW, SSB z podwójną przemianą częstotliwości. Blok 3 to:","BFO","wzmacniacz I pośredniej cz.","heterodyna"
155,1,155,"Na rysunku przedstawiono schemat blokowy odbiornika superheterodynowego AM, CW, SSB z podwójną przemianą częstotliwości. Blok 4 to:","wzmacniacz akustyczny","BFO","II mieszacz"
156,1,156,"Na rysunku przedstawiono schemat blokowy odbiornika superheterodynowego AM, CW, SSB z podwójną przemianą częstotliwości. Blok 5 to:","II heterodyna stała","wzmacniacz akustyczny","detektor AM CW SSB"
157,1,157,"Na rysunku przedstawiono schemat blokowy odbiornika superheterodynowego AM, CW, SSB z podwójną przemianą częstotliwości. Blok 6 to:","filtr przełączany II p.cz.","wzmacniacz akustyczny","II heterodyna stała"
158,1,158,"Na rysunku przedstawiono schemat blokowy odbiornika superheterodynowego AM, CW, SSB z podwójną przemianą częstotliwości. Blok 7 to:","BFO","wzmacniacz II pośredniej cz.","detektor AM , CW, SSB"
159,1,159,"Na rysunku przedstawiono schemat blokowy odbiornika superheterodynowego AM, CW, SSB z podwójną przemianą częstotliwości. Blok 8 to:","wzmacniacz akustyczny","wzmacniacz w.cz.","detektor AM, CW , SSB"
160,1,160,"Na rysunku przedstawiono schemat blokowy odbiornika superheterodynowego AM, CW, SSB z podwójną przemianą częstotliwości. Blok 10 to:","wzmacniacz akustyczny","BFO","detektor AM, CW, SSB"
161,1,161,"Na rysunku przedstawiono schemat blokowy odbiornika superheterodynowego AM, CW, SSB z podwójną przemianą częstotliwości. Blok 11 to:","I heterodyna strojona","wzmacniacz akustyczny","detektor AM"
162,1,162,"Na rysunku przedstawiono schemat blokowy odbiornika homodynowego CW i SSB, na jedno pasmo amatorskie. Blok 2 to:","wzmacniacz akustyczny","filtr wejściowy","mieszacz zrównoważony"
163,1,163,"Na rysunku przedstawiono schemat blokowy odbiornika homodynowego CW i SSB, na jedno pasmo amatorskie. Blok 3 to:","heterodyna","wzmacniacz akustyczny","filtr wejściowy"
164,1,164,"Na rysunku przedstawiono schemat blokowy odbiornika homodynowego CW i SSB, na jedno pasmo amatorskie. Blok 4 to:","filtr wejściowy","wzmacniacz akustyczny","heterodyna"
165,1,165,"Na rysunku przedstawiono schemat blokowy odbiornika superheterodynowego FM na pasmo 144 MHz z podwójną przemianą częstotliwości, pracującego w kanałach fonicznych, stabilizowany kwarcami. Blok 1 to:","wzmacniacz w.cz.","wzmacniacz akustyczny","detektor FM"
166,1,166,"Na rysunku przedstawiono schemat blokowy odbiornika superheterodynowego FM na pasmo 144 MHz z podwójną przemianą częstotliwości, pracującego w kanałach fonicznych, stabilizowany kwarcami. Blok 3 to:","wzmacniacz w.cz.","wzmacniacz I pośredniej cz. 10,7 MHz","I heterodyna"
167,1,167,"Na rysunku przedstawiono schemat blokowy odbiornika superheterodynowego FM na pasmo 144 MHz z podwójną przemianą częstotliwości, pracującego w kanałach fonicznych, stabilizowany kwarcami. Blok 4 to:","wzmacniacz akustyczny","blokada szumów","II mieszacz"
168,1,168,"Na rysunku przedstawiono schemat blokowy odbiornika superheterodynowego FM na pasmo 144 MHz z podwójną przemianą częstotliwości, pracującego w kanałach fonicznych, stabilizowany kwarcami. Blok 5 to:","II heterodyna stała","wzmacniacz II p.cz. 455 kHz","detektor FM"
169,1,169,"Na rysunku przedstawiono schemat blokowy odbiornika superheterodynowego FM na pasmo 144 MHz z podwójną przemianą częstotliwości, pracującego w kanałach fonicznych, stabilizowany kwarcami. Blok 6 to:","detektor FM","wzmacniacz akustyczny","II heterodyna stała"
170,1,170,"Na rysunku przedstawiono schemat blokowy odbiornika superheterodynowego FM na pasmo 144 MHz z podwójną przemianą częstotliwości, pracującego w kanałach fonicznych, stabilizowany kwarcami. Blok 7 to:","wzmacniacz II p. cz. 455kHz","wzmacniacz akustyczny","detektor FM"
171,1,171,"Na rysunku przedstawiono schemat blokowy odbiornika superheterodynowego FM na pasmo 144 MHz z podwójną przemianą częstotliwości, pracującego w kanałach fonicznych, stabilizowany kwarcami. Blok 8 to:","wzmacniacz akustyczny","blokada szumów","detektor FM"
172,1,172,"Na rysunku przedstawiono schemat blokowy odbiornika superheterodynowego FM na pasmo 144 MHz z podwójną przemianą częstotliwości, pracującego w kanałach fonicznych, stabilizowany kwarcami. Blok 9 to:","wzmacniacz akustyczny","blokada szumów","II heterodyna stała"
173,1,173,"Na rysunku przedstawiono schemat blokowy odbiornika superheterodynowego FM na pasmo 144 MHz z podwójną przemianą częstotliwości, pracującego w kanałach fonicznych, stabilizowany kwarcami. Blok 10 to:","I heterodyna kwarcowa","wzmacniacz akustyczny","detektor FM"
174,1,174,"Miarą selektywności odbiornika jest szerokość pasma odbieranego przez odbiornik. Przy jakim poziomie od poziomu maksymalnego mierzymy selektywność?","przy –10 dB","przy –6 dB","przy –12 dB"
175,1,175,"Przy jakim stosunku sygnału do szumu mierzymy czułość odbiornika?","przy 6 dB","przy 10 dB","przy 20 dB"
176,1,176,"Na rysunku przedstawiono schemat blokowy nadajnika telegraficznego na jedno pasmo amatorskie. Blok 1 to:","separator","wzmacniacz mocy (PA)","oscylator (VFO)"
177,1,177,"Na rysunku przedstawiono schemat blokowy nadajnika telegraficznego na jedno pasmo amatorskie. Blok 2 to:","wzmacniacz mocy (PA)","oscylator (VFO)","separator"
178,1,178,"Na rysunku przedstawiono schemat blokowy nadajnika telegraficznego na jedno pasmo amatorskie. Blok 3 to:","oscylator (VFO)","wzmacniacz mocy (PA)","filtr wyjściowy"
179,1,179,"Na rysunku przedstawiono schemat blokowy nadajnika telegraficznego na kilka pasm amatorskich z powielaniem częstotliwości. Blok 2 to:","wzmacniacz sterujący","separator","I powielacz x2"
180,1,180,"Na rysunku przedstawiono schemat blokowy nadajnika telegraficznego na kilka pasm amatorskich z powielaniem częstotliwości. Blok 3 to:","wzmacniacz mocy (PA)","I powielacz x2","oscylator (VFO)"
181,1,181,"Na rysunku przedstawiono schemat blokowy nadajnika telegraficznego na kilka pasm amatorskich z powielaniem częstotliwości. Blok 4 to:","wzmacniacz sterujący","filtr wyjściowy","II powielacz x2"
182,1,182,"Na rysunku przedstawiono schemat blokowy nadajnika telegraficznego na kilka pasm amatorskich z powielaniem częstotliwości. Blok 5 to:","wzmacniacz sterujący","I powielacz x2","oscylator (VFO)"
183,1,183,"Na rysunku przedstawiono schemat blokowy nadajnika telegraficznego na kilka pasm amatorskich z powielaniem częstotliwości. Blok 6 to:","filtr wyjściowy","wzmacniacz mocy (PA)","II powielacz x2"
184,1,184,"Na rysunku przedstawiono schemat blokowy nadajnika telegraficznego na kilka pasm amatorskich z powielaniem częstotliwości. Blok 7 to:","oscylator (VFO)","filtr wyjściowy","separator"
185,1,185,"Na rysunku przedstawiono schemat blokowy nadajnika SSB na dwa pasma amatorskie z wzbudnicą 9 MHz. Blok 3 to:","filtr pasmowy 3.5 - 14 MHz","wzmacniacz mocy (PA)","VFO 5 - 5.5 MHz"
186,1,186,"Na rysunku przedstawiono schemat blokowy nadajnika SSB na dwa pasma amatorskie z wzbudnicą 9 MHz. Blok 4 to:","wzmacniacz sterujący","filtr wyjściowy","wzbudnica SSB 9 MHz"
187,1,187,"Na rysunku przedstawiono schemat blokowy nadajnika SSB na dwa pasma amatorskie z wzbudnicą 9 MHz. Blok 5 to:","wzmacniacz mocy (PA)","mieszacz","oscylator (VFO) 5 - 5.5 MHz"
188,1,188,"Na rysunku przedstawiono schemat blokowy nadajnika SSB na dwa pasma amatorskie z wzbudnicą 9 MHz. Blok 6 to:","wzmacniacz mocy (PA)","filtr wyjściowy","mieszacz"
189,1,189,"Na rysunku przedstawiono schemat blokowy nadajnika SSB na dwa pasma amatorskie z wzbudnicą 9 MHz. Blok 7 to:","oscylator (VFO) 5-5.5 MHz","filtr wyjściowy","filtr pasmowy 3.5 - 14 MHz"
190,1,190,"Na rysunku przedstawiono schemat blokowy nadajnika UKF na pasmo 144MHz z powielaniem częstotliwości kanałowego generatora kwarcowego 8 MHz. Blok 2 to:","generator kwarcowy modulowany","modulator","I powielacz x3"
191,1,191,"Na rysunku przedstawiono schemat blokowy nadajnika UKF na pasmo 144MHz z powielaniem częstotliwości kanałowego generatora kwarcowego 8 MHz. Blok 3 to:","I powielacz x3","II powielacz x3","generator kwarcowy modulowany"
192,1,192,"Na rysunku przedstawiono schemat blokowy nadajnika UKF na pasmo 144MHz z powielaniem częstotliwości kanałowego generatora kwarcowego 8 MHz. Blok 4 to:","wzmacniacz mocy (PA)","filtr wyjściowy","II powielacz x3"
193,1,193,"Na rysunku przedstawiono schemat blokowy nadajnika UKF na pasmo 144MHz z powielaniem częstotliwości kanałowego generatora kwarcowego 8 MHz. Blok 5 to:","filtr wyjściowy","III powielacz x2","modulator"
194,1,194,"Na rysunku przedstawiono schemat blokowy nadajnika UKF na pasmo 144MHz z powielaniem częstotliwości kanałowego generatora kwarcowego 8 MHz. Blok 6 to:","filtr wyjściowy","wzmacniacz mocy (PA)","II powielacz x3"
195,1,195,"Na rysunku przedstawiono schemat blokowy nadajnika UKF na pasmo 144 MHz z generatorem PLL. Blok 1 to:","wzmacniacz mocy (PA)","generator PLL","modulator"
196,1,196,"Na rysunku przedstawiono schemat blokowy nadajnika UKF na pasmo 144 MHz z generatorem PLL. Blok 2 to:","generator PLL","modulator","wzmacniacz sterujący"
197,1,197,"Na rysunku przedstawiono schemat blokowy nadajnika UKF na pasmo 144 MHz z generatorem PLL. Blok 3 to:","modulator","wzmacniacz sterujący","generator PLL"
198,1,198,"Na rysunku przedstawiono schemat blokowy nadajnika UKF na pasmo 144 MHz z generatorem PLL. Blok 4 to:","wzmacniacz mocy (PA)","filtr wyjściowy","modulator"
199,1,199,"Na rysunku przedstawiono schemat blokowy nadajnika UKF na pasmo 144 MHz z generatorem PLL. Blok 5 to:","filtr wyjściowy","wzmacniacz sterujący","modulator"
200,1,200,"Jak zmienia się oporność dipola półfalowego przy niskim zawieszeniu nad ziemią?","nie zmienia się","rośnie","maleje"
201,1,201,"W antenie dipolowej W3DZZ na pasma 80, 40, 20 metrów zastosowano trapy. Na jaką częstotliwość muszą być nastrojone?","10 MHz","7,05 MHz","14,1 MHz"
202,1,202,"Zysk anteny kierunkowej wyrażony jest w dBi. Względem jakiego źródła jest określony?","dipola pomiarowego","źródła izotropowego","innej anteny kierunkowej"
203,1,203,"Jaka jest różnica pomiędzy efektywną mocą promieniowaną e.r.p. a efektywną mocą promieniowaną izotropowo e.i.r.p?","e.i.r.p. jest większe o 2,16 dB od e.r.p.","e.i.r.p. jest mniejsze o 2,16 dB od e.r.p.","nie ma różnicy"
204,1,204,"Antena kierunkowa na UKF w miejscu odbioru daje napięcie 4 razy większe jak dipol półfalowy. Jaki ma zysk dBd?","6 dBd","4 dBd","12 dBd"
205,1,205,"Kabel koncentryczny wprowadza straty sygnału. Kabel przy częstotliwości 150 MHz ma straty 12 dB na 100 m. Długość kabla między anteną a odbiornikiem wynosi 50 m. Ile razy napięcie na wejściu odbiornika będzie mniejsze niż w antenie?","4 razy","6 razy","2 razy"
206,1,206,"Jakie długości fal zaliczamy do zakresu fal krótkich?","od 100 m do 10 m","od 80 m do 13 m","od 160 m do 10 m"
207,1,207,"Do jakiej wysokości sięgają najwyższe warstwy jonosfery w lecie w dzień?","do 200 km","450 km","100 km"
208,1,208,"O czym mówi podawana w prognozach propagacji częstotliwość MUF?","o zakłóceniach odbioru","o maksymalnej częstotliwości do łączności na danej trasie","o zaniku łączności w danym kierunku"
209,1,209,"Co to jest strefa martwa na falach krótkich?","strefa bez odbioru leżąca pomiędzy końcem fali przyziemnej a powrotem fali przestrzennej","strefa bez odbioru z powodu dużych zakłóceń w mieście","strefa w której brak odbioru z powodu interferencji fal przychodzących z różnych kierunków"
210,1,210,"Jakim przyrządem możemy sprawdzić kształt napięcia zmiennego w.cz. i wykryć zniekształcenia sygnału?","oscyloskopem","miernikiem napięcia","słuchając odbiornikiem"
211,2,1,"Jakie dodatkowe zabezpieczenie, oprócz umieszczenia jej na bezpiecznej wysokości, są zalecane dla anteny na terenowym QTH?","nie są potrzebne żądne dodatkowe zabezpieczenia","wykonanie anteny z drutu miedzianego w igielicie","zakaz przebywania pod anteną podczas nadawania"
212,2,2,"Czy można wykorzystać sieć wodociągową jako uziemienie?","tak","jedynie po zbocznikowaniu wodomierza, upewnieniu się, że jest ona uziemiona oraz po uzyskaniu zgody jednostki eksploatującej tę sieć","nie, jest to zabronione"
213,2,3,"Resuscytację krążeniowo-oddechową u osoby dorosłej, bez widocznych obrażeń ciała, wykonujemy w stosunku:","30 uciśnięć klatki piersiowej na dwa wdechy","20 uciśnięć klatki piersiowej na cztery wdechy","15 uciśnięć klatki piersiowej na sześć wdechów"
214,2,4,"Podczas pracy z monitorem komputerowym, minimalne zalecane przerwy wynoszą:","co dwie godziny po 20 minut","co godzinę pięć minut","co trzy godziny po dziesięć minut"
215,2,5,"Jakie oznaczenie na rękojeści narzędzia ma istotne znaczenie przy pracach elektrycznych?","rodzaj zastosowanej izolacji","nazwa producenta","dopuszczalne napięcie pracy"
216,2,6,"Dlaczego stosuje się ograniczenia w przebywaniu (zamieszkaniu) w bezpośrednim sąsiedztwie dużych obiektów nadawczych radiowych i telewizyjnych?","ze względu na wyładowania atmosferyczne","ze względu na duże natężenie pola elektromagnetycznego mogące mieć negatywny wpływ na zdrowie","ze względu na możliwość przewrócenia się masztu"
217,2,7,"Czy wolno wykonywać prace antenowe przy włączonym nadajniku?","wolno, bez żadnych ograniczeń","wolno, ale tylko przy małych mocach nadajnika","kategorycznie nie wolno"
218,2,8,"Na polu antenowym mamy kilka anten na różne pasma. Czy można regulować nieczynne anteny, jeżeli obok pracuje na podobnej antenie nadajnik KF?","nie wolno","można","można, ale tylko gdy nadajnik ten pracuje z małą mocą"
219,2,9,"Spełnienie jakich warunków konstrukcyjnych ogranicza przedostawanie się energii w.cz. niepożądanymi drogami?","dobre uziemienie i szczelność ekranowania","filtrowany zasilacz","odpowiedni przekrój kabla sieciowego"
220,2,10,"Czy źle wykonany uziom może być przyczyną szkodliwego promieniowania w.cz.?","nie","tak","nie zawsze"
221,2,11,"Jakie niebezpieczeństwo grozi, gdy trzymamy w rękach naładowany kondensator elektrolityczny?","porażenie prądem elektrycznym","nie ma żadnego niebezpieczeństwa","implozja kondensatora"
222,2,12,"Czy zwarcie drutem biegunów źródła prądu (bateria, akumulator) może być niebezpieczne?","nie ma żadnego zagrożenia","tak, może spowodować pożar","tak, może spowodować stopienie się drutu i poparzenie roztopionym metalem"
223,2,13,"Czy kondensator elektrolityczny musi mieć napięcie pracy równe lub większe niż napięcie występujące w układzie w jakim pracuje?","napięcie pracy kondensatora nie ma znaczenia","napięcie pracy kondensatora ma znaczenia tylko w niektórych typach układów","koniecznie, gdyż może ulec zniszczeniu"
224,2,14,"Czy brak filtru przeciw zakłóceniowego na obwodzie zasilania sieciowego może być przyczyną zakłóceń w pracy urządzenia?","tak, ale tylko przy dużej mocy","zawsze, bez względu na moc","to nie ma znaczenia, rolę filtru pełni transformator zasilacza"
225,2,15,"Czy promieniowanie elektromagnetyczne w.cz. może mieć wpływ na zdrowie człowieka?","nie","tak","nie, jeśli używamy specjalnego ubrania ochronnego"
226,2,16,"Czy sztuczne obciążenie w postaci opornika bezindukcyjnego powinno być ekranowane?","nie ma takiej potrzeby","tak, zawsze powinno być ekranowane i uziemione w tym samym punkcie co radiostacja","tylko w przypadku gdy wzmacniacz mocy nie jest właściwie dostrojony"
227,2,17,"Czy można uruchomić urządzenie po przeniesieniu z zimnego pomieszczenia do ciepłego?","istnieje bezwzględny zakaz","można, ale po odczekaniu pewnego czasu","można natychmiast, bez żadnego ryzyka"
228,2,18,"Czy plastikowa obudowa urządzenia nadawczego stanowi odpowiednie zabezpieczenie przed oddziaływaniem energii w.cz.?","jest to wystarczające zabezpieczenie przed energią w.cz.","urządzenia te używa się głównie na terenowym QTH więc takie zabezpieczenie nie jest potrzebne","nie stanowi żadnego zabezpieczenia przed energią w.cz."
229,2,19,"Czy dopuszczalne jest użycie sieci CO (np. kaloryfera) do uziemienia radiostacji?","tak","tylko po upewnieniu się, że jest ona właściwie uziemiona oraz po uzyskaniu zgody jednostki eksploatującej tę sieć","nie"
230,2,20,"Jaki zapas mocy powinien mieć zasilacz urządzeń AM i FM przewidziany do ciągłej bezawaryjnej pracy?","20% więcej","50% więcej","10 % więcej powyżej mocy maksymalnej"
231,2,21,"Czy można wykorzystać jako uziemienie rurę instalacji gazowej?","bezwzględnie nie wolno","wolno bez żadnych ograniczeń","wolno jedynie w sytuacji, gdy nie dysponuje się innym uziemieniem"
232,2,22,"Jakie działania należy podjąć, aby udzielić pomocy porażonemu prądem elektrycznym?","odłączyć porażonego od prądu, podjąć działania w celu wyeliminowania skutków ewentualnych poparzeń","zadbać o własne bezpieczeństwo, odłączyć porażonego od prądu, sprawdzić funkcje życiowe, wezwać lekarza, w razie konieczności przeprowadzać resuscytację krążeniowo-oddechową","zadbać o własne bezpieczeństwo, wezwać znajomych w celu prowadzenia wspólnej akcji ratowniczej"
233,2,23,"Pomieszczenie, w którym znajduje się indywidualna stacja amatorska, powinno być wyposażone w następujące środki ochrony ppoż:","środki gaśnicze wymagane dla obiektów użytku publicznego","koc gaśniczy i gaśnicę do gaszenia urządzeń elektrycznych","gaśnicę do gaszenia urządzeń pod napięciem"
234,2,24,"Przewody zasilające prądu stałego oznaczone są kolorami:","żółty i czarny","niebieski i czarny","czerwony i czarny"
235,2,25,"Uszkodzonych tranzystorów nie powinno się otwierać, gdyż:","można się pokaleczyć","zawierają szkodliwe substancje, mogące spowodować ciężkie zatrucie","zawierają tajemnice produkcji, których i tak nie jesteśmy w stanie wykorzystać"
236,2,26,"Narzędzia do prac elektrycznych powinny:","charakteryzować się estetyką wykonania","posiadać homologację Ministerstwa Łączności","posiadać izolowane uchwyty z nadrukowaną informacją o dopuszczalnym napięciu pracy np. 500 V"
237,2,27,"Na terenowym QTH uziemienie można wykonać:","wbijając uziom do ziemi jako osobne uziemienie dla swojej stacji","podłączając się do uziomu roboczego na słupie kratowym","podłączając się do uziomu w energetycznej szafie rozdzielczej"
238,2,28,"Uruchomienie nieznanego urządzenia rozpoczyna się od:","włożenia wtyczki do kontaktu i przełączenia przełącznika","podłączenia anteny i uziemienia","sprawdzenia, czy ustawione jest właściwe napięcie sieci oraz zainstalowany jest właściwy bezpiecznik"
239,2,29,"Czy radiostację i urządzenia pomocnicze można podłączać do gniazd zasilanych z dwóch różnych faz?","można, nie ma żadnych przeciwwskazań","kategorycznie nie można, grozi to zniszczeniem sprzętu i porażeniem operatora","można, jeżeli jednocześnie nie używa się wszystkich urządzeń"
240,2,30,"Po zakończeniu pracy radiostacji należy:","wyłączyć zasilanie","wyłączyć zasilanie i uziemić anteny","wyłączyć zasilanie, uziemić anteny i odłączyć uziemienie od radia"
241,2,31,"Podczas wieszania anteny na wysokościach należy:","jedynie zapewnić sobie pomoc innej osoby","zapewnić sobie pomoc innej osoby oraz stosować sprzęt ochronny","zapewnić sobie pomoc innej osoby, stosować sprzęt ochronny, starać się maksymalnie zabezpieczyć osoby na dole przez ogrodzenie miejsc zagrożonych linką i zawieszenie tablic „Na górze pracują” oraz zapewnić łączność za pomocą radiotelefonów przenośnych, aby prace wykonać na komendę pomagającej nam osoby kiedy nie ma zagrożenia dla innych ludzi"
242,2,32,"Środki ochrony osobistej przy pracy na wysokości to:","rękawice i okulary ochronne","drabina rozstawna","szelki bezpieczeństwa z podwójną linką plus lina asekuracyjna, kask i rękawice"
243,2,33,"Jaka powinna być rezystancja uziemienia radiostacji?","50 Ω","zależnie od kabla antenowego: 50 lub 75 Ω","pomiędzy 10 a 1 Ω, im mniejsza tym lepsza"
244,2,34,"W momencie stwierdzenia pożaru urządzenia elektrycznego należy:","zadzwonić po straż pożarną","wezwać kolegów i wspólnie przystąpić do gaszenia","odłączyć urządzenie od zasilania i przystąpić do gaszenia, w razie potrzeby wezwać straż pożarną"
245,2,35,"Zwody (połączenia) uziemiające od radiostacji należy poprowadzić następująco:","zasilacz do ziemi, skrzynka antenowa do radia i do zasilacza","skrzynka antenowa jako pierwsza do uziemienia, następnie radiostacja osobnym zwodem do skrzynki i zasilacz osobnym zwodem do tejże skrzynki","sposób prowadzenia połączeń uziemiających nie ma znaczenia"
246,2,36,"Transformator ochronny stosujemy, gdy:","zachodzi obawa, że użycie narzędzi elektrycznych zasilanych napięciem 230 V może spowodować porażenie prądem, np. pracując na zewnątrz pomieszczeń","wykonujemy prace w wilgotnym pomieszczeniu","jak w punkcie A i B i w innych sytuacjach, jeżeli zachodzi niebezpieczeństwo porażenia prądem, np. przy pracach naprawczych"
247,2,37,"W przypadku poparzenia elektrolitem należy:","sprawdzić czy nie oblane zostało ubranie i buty, jeśli tak to należy zdjąć takie ubranie lub buty","spłukać wodą oparzone miejsce – kontakt z lekarzem nie jest konieczny","zdjąć odzież z oparzonego miejsca, płukać wodą oparzone miejsce, zabezpieczyć sterylnym opatrunkiem i udać się do lekarza"
248,2,38,"W przypadku zaprószenia oka ciałem obcym należy:","odczekać aż ciało obce samo wypadnie","usunąć ciało obce samodzielnie za pomocą pęsety","spróbować usunąć obce ciało, przemywając oko wodą, a jeżeli się to nie uda, skorzystać z pomocy lekarza"
249,2,39,"Podstawowe wyposażenie ochronne do prac z elektrolitem to:","ubranie ochronne, okulary, rękawice ochronne","maska na twarz, nakrycie głowy, obuwie ochronne","nie ma potrzeby stosować żadnego wyposażenia ochronnego"
250,2,40,"Mierząc miernikiem napięcie o niemożliwej do oszacowania wartości należy:","ustawić miernik na najwyższy zakres pomiarowy i stopniowo zmniejszać zakres","ustawić miernik na najniższy zakres pomiarowy i stopniowo zwiększać zakres","rozpocząć pomiary od środkowego zakresu miernika"
251,2,41,"Przygotowując się do wykonania prac pod napięciem, oprócz przygotowania odpowiednich przyrządów należy:","sprawdzić czy zastosowano prawidłowe bezpieczniki w mierzonych obwodach","przygotować schemat elektryczny urządzenia i zapoznać się z nim","jak w punkcie A i B oraz zapewnić sobie obecność i ewentualną pomoc drugiej osoby"
252,2,42,"Podczas pracy nadajnika KF na jednej z anten, w celu zabezpieczenia się przed przypadkowym porażeniem od innych anten należy:","ułożyć przewody zasilające pod stołem luźno, lecz tak, aby się nie stykały","uziemić wszystkie nieużywane w danym momencie anteny, aby nie ulec porażeniu w wyniku ich przypadkowego dotknięcia","nie jest konieczne stosowanie jakichkolwiek zabezpieczeń"
253,2,43,"Przy podłączeniu zasilacza stacji przekrój sieci i wartość zabezpieczeń powinny być dobrany tak, aby zapewnić dostarczenie mocy:","wyższej niż moc określona w tabliczce znamionowej urządzenia","równej mocy określonej w tabliczce znamionowej urządzenia","niższej niż moc określona w tabliczce znamionowej urządzenia"
254,2,44,"Odległość pomiędzy masztem antenowym budowanym na ziemi a pasem drogowym, chodnikiem i innymi przeszkodami:","powinna być równa połowie wysokości masztu","nie ma żadnego znaczenia","powinna być większa niż wysokość masztu"
255,2,45,"Maszt kratowy uziemiamy:","jednym zwodem odgromowym","po przekątnej dwoma zwodami","czterema zwodami, po jednym na każdej nodze"
256,2,46,"Naprawa bezpieczników topikowych jest:","dopuszczalna dla bezpieczników stosowanych przy niskim napięciu","bezwzględnie zabroniona","dopuszczalna przy zastosowaniu drutu topikowego o odpowiedniej grubości"
257,2,47,"Jakie oznaczenia ochronne należy umieścił na maszcie anteny nadawczej?","promieniowanie elektromagnetyczne","uwaga antena nadawcza","zakaz dotykania masztu"
258,2,48,"Czy radiotelefon UKF należy uziemiać w czasie pracy?","nie ma takiej potrzeby","tak, obowiązkowo","tylko jeśli posiada zacisk uziemiający"
259,2,49,"Czy podczas pracy z wiertarką wymagane jest stosowanie rękawic ochronnych?","tak, obowiązkowo","można stosować według uznania","jest zabronione"
260,2,50,"Przy wymianie lampy stopnia mocy nadajnika należy:","wyłączyć zasilanie i natychmiast przystąpić do wymiany","wyłączyć zasilanie i poczekać aż rozładują się kondensatory zasilacza","przy pracującym wzmacniaczu zdjąć osłonę lampy i przystąpić do jej wymiany"
261,2,51,"Kondensator sprzęgający obwód anodowy PA z Pi-filtrem powinien:","posiadać dużą pojemność","posiadać małe wymiary","być wytrzymały na duże napięcie"
262,2,52,"Najlepszą formą zabezpieczenia anteny krótkofalowej przed burzą jest:","odłączenie anteny od radiostacji i wystawienie kabla anteny za okno","odłączenie anteny od radiostacji i połączenie anteny z uziemieniem","nie są wymagane żadne działania"
263,2,53,"Czy można umieścić kabel antenowy w kanale wywietrznika kominowego, jeżeli obok przebiega czynny komin?","można","bezwzględnie nie można","można, ale tylko w okresie poza sezonem grzewczym"
264,2,54,"Czy można używać kołków rozporowych do montażu anteny na kominie?","można","można, po spełnieniu dodatkowych warunków","nie wolno – można stosować jedynie opaski wokół komina"
265,2,55,"Czy nasza radiostacja może wywołać zakłócenia poza granicami kraju?","nie może","może, ale tylko podczas strojenia","może"
266,2,56,"Czy osoba posiadająca rozrusznik serca może przebywać w pobliżu anten nadawczych dużej mocy?","może, nie ma żadnego zagrożenia","może, pod pewnymi warunkami","kategorycznie nie powinna"
267,2,57,"Podczas regulacji urządzeń pod napięciem (o ile jest to konieczne) pracę wykonujemy:","dwoma rękoma","jedną ręką","jedną ręką w asyście drugiej osoby, wskazane jest również stosowanie chodnika lub obuwia izolacyjnego"
268,2,58,"Jakim przewodem podłączysz nadajnik dużej mocy do źródła zasilania?","zwykłym przewodem dwużyłowym","przewodem w oplocie bawełnianym","przewodem o przekroju żył, odpowiednim do pobieranej przez urządzenie mocy"
269,2,59,"Czy podczas naprawy oscyloskopu można go włączyć bez założonego na lampę cylindra ochronnego?","można bez żadnego ryzyka","można, ale należy uważać na wysokie napięcie","kategorycznie nie wolno"
270,2,60,"Jaka lokalizacja będzie bezpieczniejsza (najbardziej właściwa pod kątem narażenia na działanie pola elektromagnetycznego) dla anteny emitującej moc 1 kW?","dach naszego budynku w środku miasta","dach 12-piętrowego sąsiedniego wieżowca","terenowe QTH ze specjalnie wybudowanym polem antenowym"
271,2,61,"Czy fider antenowy radiostacji nadawczej może być prowadzony razem z kablem anteny odbiorczej TV?","może, gdy moc nadajnika nie jest zbyt duża","nie, kable powinny być maksymalnie oddalone","odległość miedzy kablami jest nieistotna"
272,2,62,"Czy świadectwo operatora urządzeń radiowych upoważnia do naprawy sieci elektrycznej w mieszkaniu?","tak, bez żadnych ograniczeń","tak, ale wyłącznie sieci jednofazowej","nie, do tego potrzebne jest posiadanie stosownych uprawnień"
273,2,63,"W którym miejscu należy podłączyć filtr przeciwzakłóceniowy (dolnoprzepustowy) przy pracy ze wzmacniaczem mocy?","po końcówce mocy na fider antenowy","pomiędzy transceiver a wzmacniacz mocy","miejsce podłączenia jest dowolne"
274,2,64,"Jakie są skutki uszkodzenia ekranu fidera antenowego?","nie ma żadnych","następuje wzrost zakłóceń, bez względu na pogodę","następuje wzrost zakłóceń i zmiana impedancji kabla grożąca uszkodzeniem nadajnika"
275,2,65,"Przed eksplozją kondensatorów elektrolitycznych w zasilaczu chroni nas:","stabilizator napięcia","opornik upływowy tzw. „bleder”","właściwe uziemienie zasilacza"
276,3,1,"Co oznacza wg kodu „Q” symbol QRG?","włączam większą moc nadajnika","moja częstotliwość jest ...","siła twoich sygnałów waha się"
277,3,2,"Co oznacza wg kodu „Q” symbol QSY?","przejdź na częstotliwość, zmień częstotliwość","do usłyszenia na innej częstotliwości","mam uszkodzoną antenę"
278,3,3,"Co oznacza wg kodu „Q” symbol QRM?","jestem czynny w eterze od miesiąca","odbieram twoje sygnały bardzo dobrze zmniejsz moc","mam zakłócenia od innych stacji"
279,3,4,"Co oznacza wg kodu „Q” symbol QRN?","jestem czynny w eterze od niedawna","mam zakłócenia atmosferyczne","pracuję na radiostacji tylko w niedzielę"
280,3,5,"Co oznacza wg kodu „Q” symbol QSB?","siła twoich sygnałów waha się","w okolicy jest burza, wyłączam radiostację","używam anteny dookolnej"
281,3,6,"Co oznacza wg kodu „Q” symbol QRV?","której godzinie rozpoczęliśmy łączność","jestem gotów do pracy, jestem czynny w eterze","proszę powtórzyć ostatnią relację"
282,3,7,"Co oznacza wg kodu „Q” symbol QTH?","nie mam ochoty z tobą dalej rozmawiać","przekazuję wiadomość od…","moje położenie geograficzne jest…"
283,3,8,"Co oznacza wg kodu „Q” symbol QRP?","nadawaj powoli","zmniejsz moc, zmniejszam moc","powtórz swój znak wywoławczy"
284,3,9,"Co oznacza wg kodu „Q” symbol QTC?","wyłączam stację","na jaką częstotliwość mam się przestroić","mam dla ciebie pilną wiadomość"
285,3,10,"Co oznacza wg kodu „Q” symbol QSO?","moje położenie geograficzne jest…","łączność, mam łączność","siła twoich sygnałów waha się"
286,3,11,"Co oznacza wg kodu „Q” symbol QSL?","potwierdzam odbiór, przyślę kartę potwierdzającą łączność","nadawaj szybciej","słucham na częstotliwości"
287,3,12,"Co oznacza skrót slangu radioamatorskiego RX?","antena pionowa","odbiornik","klucz elektroniczny"
288,3,13,"Co oznacza skrót slangu radioamatorskiego Unlis?","nielicencjonowany nadawca","zakłócenia w odbiorze telewizji","zawody w łowach na lisa"
289,3,14,"Co oznacza skrót slangu radioamatorskiego YL?","antena z linki miedzianej","czas uniwersalny","panna - młoda pani"
290,3,15,"Co oznacza skrót slangu radioamatorskiego RPT?","proszę powtórzyć, powtórzę, powtarzam","proszę","przechodzę na inny kanał"
291,3,16,"Kiedy należy podawać raport o słyszalności?","na początku łączności i na życzenie korespondenta","w odstępach 5-10 minut","po każdym przekazaniu mikrofonu"
292,3,17,"Czy po uzyskaniu świadectwa operatora urządzeń radiowych można samodzielnie obsługiwać stację amatorską?","można, ale tylko pod nadzorem radioamatora posiadającego pozwolenie radiowe","można, w określonych przepisami zakresach częstotliwości","nie można, ponieważ do obsługi stacji amatorskiej upoważnia jedynie pozwolenie radiowe"
293,3,18,"Jakie należy spełnić warunki aby uzyskać pozwolenie radiowe na używanie stacji amatorskiej?","należy posiadać świadectwo operatora urządzeń radiowych i odbyć trzymiesięczną praktykę na stacji klubowej","należy posiadać świadectwo operatora urządzeń radiowych i co najmniej średnie wykształcenie","należy posiadać świadectwo operatora urządzeń radiowych"
294,3,19,"Czy razem ze świadectwem operatora urządzeń radiowych przydzielany jest znak wywoławczy dla stacji amatorskiej?","tak","nie, znak wywoławczy przydzielany jest w pozwoleniu radiowym","tak, jeżeli dana osoba posiada radiostację"
295,3,20,"Co to jest znak wywoławczy?","jest to symbol określający typ (model) stacji amatorskiej","jest to hasło pozwalające wywołać konkretnego rozmówcę","jest to kombinacja liter i cyfr stanowiąca unikalny w skali światowej identyfikator stacji amatorskiej"
296,3,21,"Czy można radioamatorski znak wywoławczy używać podczas pracy w zakresach częstotliwości nieprzeznaczonych dla służby amatorskiej?","można, po uzyskaniu specjalnej zgody UKE","absolutnie nie, znak radioamatorski można używać tylko w zakresach częstotliwości przeznaczonych dla radioamatorów","nie jest to zabronione i zależy od decyzji radioamatora"
297,3,22,"Jak zbudowany jest znak wywoławczy w pozwoleniach kategorii 1, 3 i 5?","składa się z prefiksu, cyfry i kombinacji maksymalnie czterech liter i cyfr","nie ma określonej budowy, składa się z liter i cyfr","składa się z prefiksu i dwóch liter"
298,3,23,"Jak zbudowany jest znak wywoławczy w pozwoleniu dodatkowym?","nie ma określonej budowy, składa się z liter i cyfr","składa się z prefiksu, cyfry i kombinacji maksymalnie siedmiu liter i cyfr","składa się z prefiksu i pięciu liter"
299,3,24,"Co to jest dziennik łączności LOG?","jest to dokument radiostacji amatorskiej zawierający informacje o korespondencji z innymi radiostacjami amatorskimi, zawierający znak stacji, imię operatora, datę, godzinę, pasmo w jakim przeprowadzono QSO","jest to informacja o procedurach obowiązujących podczas łączności z innymi stacjami","jest to informacja o kontroli radiostacji przez inspektorów UKE"
300,3,25,"Czy prowadzenie dziennika łączności LOG jest obowiązkowe?","jest to podstawowy obowiązek każdego radioamatora","prowadzenie Logu nie jest obowiązkowe, lecz wskazane","prowadzenie dziennika łączności może być nakazane jako zalecenie pokontrolne inspektorów ochrony środowiska"
301,3,26,"Co znaczy określenie czas uniwersalny UTC?","czas odpowiadający południkowi zerowemu (GMT), stosowany przez radioamatorów do odnotowania w Logu godz. łączności","czas w którym nie należy nawiązywać QSO","czas w którym można nawiązywać łączności z krajami europejskimi"
302,3,27,"Okręg wywoławczy SP1 to zwyczajowo przyjęty obszar:","województwa zachodniopomorskiego","województwa pomorskiego","województwa mazowieckiego"
303,3,28,"Okręg wywoławczy SP2 to zwyczajowo przyjęty obszar:","województwa zachodniopomorskiego","województw kujawsko-pomorskiego i pomorskiego","województwa mazowieckiego"
304,3,29,"Okręg wywoławczy SP3 to zwyczajowo przyjęty obszar:","województwa mazowieckiego","województw lubuskiego i wielkopolskiego","województw kujawsko-pomorskie i pomorskie"
305,3,30,"Okręg wywoławczy SP4 to zwyczajowo przyjęty obszar:","województwa mazowieckiego","województw lubuskiego i wielkopolskiego","województw podlaskiego i warmińsko-mazurskiego"
306,3,31,"Okręg wywoławczy SP5 to zwyczajowo przyjęty obszar:","województwa mazowieckiego","województw kujawsko-pomorskiego i pomorskiego","województwa zachodnio-pomorskiego"
307,3,32,"Okręg wywoławczy SP6 to zwyczajowo przyjęty obszar:","województwa mazowieckiego","województw dolnośląskiego i opolskiego","województwa zachodniopomorskiego"
308,3,33,"Okręg wywoławczy SP7 to zwyczajowo przyjęty obszar:","województwa mazowieckiego","województw dolnośląskiego i opolskiego","województw łódzkiego i świętokrzyskiego"
309,3,34,"Okręg wywoławczy SP8 to zwyczajowo przyjęty obszar:","województw dolnośląskiego i opolskiego","województw lubelskiego i podkarpackiego","województwa zachodniopomorskiego"
310,3,35,"Okręg wywoławczy SP9 to zwyczajowo przyjęty obszar:","województw małopolskiego i śląskiego","województw lubelskiego i podkarpackiego","województwa zachodniopomorskiego"
311,3,36,"Poprawne literowanie w j. polskim litery A i R:","Adam, Roman","Ala, Romuald","Alfa, Romeo"
312,3,37,"Poprawne literowanie w j. polskim litery G i K:","Genowefa, Ksawer","Grażyna Karol","Golf, Kazek"
313,3,38,"Poprawne literowanie w j. polskim litery W i Z:","Wanda, Zygmunt","Walery, Zosia","Warta, Zamek"
314,3,39,"Poprawne literowanie w j. polskim litery X i C:","Iks, Centrum","Xawery, Cezary","Xymena, Czesław"
315,3,40,"Poprawne literowanie w j. polskim litery P i N:","Piotr, Niwa","Przemek, Nina","Paweł, Natalia"
316,3,41,"Poprawne literowanie wg alfabetu ITU litery B i F:","Bil, Fox","Bravo, Foxtrot","Box, Florida"
317,3,42,"Poprawne literowanie wg alfabetu ITU litery C i G:","Charlie, Golf","Canada, Gold","Chile, Grenada"
318,3,43,"Poprawne literowanie wg alfabetu ITU litery I i K:","India, Kanada","Italia, Kaz","India, Kilo"
319,3,44,"Poprawne literowanie wg alfabetu ITU litery R i V:","Ren, Viktor","Romeo, Viktor","Radio, Viola"
320,3,45,"Poprawne literowanie wg alfabetu ITU litery X i S:","X-Rey, Sierra","Xsen, Santiago","X-Rey, Syria"
321,3,46,"Co to jest międzynarodowy kod „Q”?","zbiór symboli składających się z 3 liter, zaczynających się zawsze na literę Q, którym przypisane są proste zdanie lub słowa","symbole składające się z litery Q i 2-3 cyfr określających jakość odbieranego sygnału","wykaz zawierający prefiksy znaków wywoławczych wg ITU"
322,3,47,"Do czego służy międzynarodowy kod „Q”?","podania informacji o czasie rozpoczęcia łączności","skrócenia czasu nadawania informacji","informowania o sile odbieranego sygnału radowego"
323,3,48,"Co oznacza wg kodu „Q” symbol QRL?","źle się czuję, odezwę się później","jestem zajęty, proszę nie przeszkadzać","do zobaczenia latem"
324,3,49,"Co oznacza wg kodu „Q” symbol QRT?","która jest godzina","kończę nadawanie, wyłączam stację","nadawaj wolniej"
325,3,50,"Co oznacza wg kodu „Q” symbol QRZ?","zmień częstotliwość na zapasową","kto mnie woła","jestem zajęty, proszę nie przeszkadzać"
326,3,51,"Co oznacza wg kodu „Q” symbol QRX?","proszę czekać","nadawaj wolniej","mam zakłócenia od innych stacji"
327,3,52,"Co oznacza wg kodu „Q” symbol QRO?","nic dla ciebie nie mam","zwiększ moc, zwiększam moc","przerwij nadawanie, kończę pracę"
328,3,53,"Który z poniższych kodów „Q” oznacza: „Moja częstotliwość jest ...”?","QRJ","QRG","QRK"
329,3,54,"Który z poniższych kodów „Q” oznacza: „Przejdź na częstotliwość, zmień częstotliwość”?","QSY","QTR","QSA"
330,3,55,"Który z poniższych kodów „Q” oznacza: „Mam zakłócenia od innych stacji”?","QWO","QQQ","QRM"
331,3,56,"Który z poniższych kodów „Q” oznacza: „Siła twoich sygnałów waha się”?","QSB","QAZ","QRY"
332,3,57,"Który z poniższych kodów „Q” oznacza: „Jestem gotów do pracy, jestem czynny w eterze”?","QWX","QRV","QRU"
333,3,58,"Który z poniższych kodów „Q” oznacza: „Moje położenie geograficzne jest…”?","QLP","QRG","QTH"
334,3,59,"Który z poniższych kodów „Q” oznacza: „Zmniejsz moc, zmniejszam moc”?","QUB","QRA","QRP"
335,3,60,"Który z poniższych kodów „Q” oznacza: „Mam dla ciebie telegram, wiadomość”?","QRT","QTC","QSV"
336,3,61,"Który z poniższych kodów „Q” oznacza: „Łączność, mam łączność”?","QSL","QSO","QRS"
337,3,62,"Który z poniższych kodów „Q” oznacza: „Potwierdzam odbiór, przyślę kartę potwierdzającą łączność”?","QSL","QSA","QRT"
338,3,63,"Co oznaczają skróty slangu radioamatorskiego: BAND; CFM?","pasmo; potwierdzam","zakres; godzina","raport; popołudnie"
339,3,64,"Co oznaczają skróty slangu radioamatorskiego: BK; CALL?","później; kalibrator","przerwa; znak wywoławczy","stop; odebrałem wszystko"
340,3,65,"Co oznaczają skróty slangu radioamatorskiego: BEST; DX?","daleki; niezły","najlepszy; daleka łączność","dobry; szybki"
341,3,66,"Co oznaczają skróty slangu radioamatorskiego: BCI; BOX?","zakłócenia odbioru radiowego; skrytka pocztowa","zakłócenia od sieciowe; radiolatarnia amatorska","podaj dokładny czas; zmieniam kanał radiowy"
342,3,67,"Co oznaczają skróty slangu radioamatorskiego: OK; NAME?","stary, nie przeszkadzaj; moje nazwisko jest","wszystko w porządku; imię","przestrajam się; podaj adres"
343,3,68,"Co oznaczają skróty slangu radioamatorskiego: SWR; RX?","A -pasmo w metrach; antena pionowa","współczynnik fali stojącej; odbiornik","nasłuchowiec; klucz elektroniczny"
344,3,69,"Które z poniższych skrótów slangu radioamatorskiego oznaczają: „Zakłócenia w odbiorze telewizji; nielicencjonowany nadawca”?","TRX; LIS","TVI; UNLIS","RBM; ICP"
345,3,70,"Które z poniższych skrótów slangu radioamatorskiego oznaczają: „Panna, młoda pani; czas uniwersalny”?","YL; UTC","XYL; UT","LY; TRO"
346,3,71,"Co oznaczają skróty slangu radioamatorskiego: PSE; RPT?","proszę; powtórzyć, powtórzę, powtarzam","proszę; zmieniam pasmo o 10 kHz","przechodzę na inny kanał; raport podam na koniec łączności"
347,3,72,"Co oznaczają skróty slangu radioamatorskiego: 99; UTC?","pozdrawiam; czas ukraiński","ściskam dłoń; mam pilną wiadomość","idź precz, przepadnij; czas uniwersalny"
348,3,73,"Co oznaczają skróty slangu radioamatorskiego: LOG; DIRECT?","długa antena; dyrektor","dziennik pracy stacji; bezpośrednio","długi; bezpośredni kontakt"
349,3,74,"Co to jest raport R S stosowany podczas łączności fonicznych?","informacja o stanie technicznym radiostacji","informacja o stanie pogody przekazana w postaci zakodowanej","informacja o jakości odbieranego sygnału radiowego - czytelności i sił sygnału wyrażana w postaci cyfr"
350,3,75,"Co to jest raport R S T stosowany podczas łączności telegraficznych?","informacja o stanie technicznym radiostacji","informacja o jakości odbieranego sygnału radiowego – czytelności, siły i tonu akustycznego sygnału","informacja o stanie pogody"
351,3,76,"Co oznaczają w raporcie o słyszalności i jakości sygnałów korespondenta litery R S","R - jakość sygnału, S- słyszalność","R - stabilność sygnału, S- siła sygnału","R - czytelność, S - siła sygnału"
352,3,77,"Co oznaczają w raporcie o słyszalności i jakości sygnałów korespondenta litery R S T?","R - czytelność, S - siła sygnału, T - ton sygnału","R - jakość sygnału, S - słyszalność, T - częstotliwość","R - stabilność sygnału, S - siła sygnału, T - ton sygnału"
353,3,78,"Jaka jest skala czytelności i skala siły sygnału w raporcie R S?","skala czytelności 1-5 i skala siły sygnału 1-9","skala czytelności 1-9 i skala siły sygnału 1-5","skala czytelności 0-5 i skala siły sygnału 0-9"
354,3,79,"Co oznacza w łączności fonicznej raport 59?","dobrze czytelny, bardzo silny sygnał","czytelny, silny sygnał","słaby, czytelny z trudnościami sygnał"
355,3,80,"Co oznacza w łączności fonicznej raport 43?","dobrze czytelny, bardzo silny sygnał","czytelny, słaby sygnał","czytelny z trudnościami, słaby sygnał"
356,3,81,"Co oznacza w łączności telegraficznej raport 599?","czytelny, silny sygnał, dobry ton","dobrze czytelny, bardzo silny sygnał, bardzo dobry ton","czytelny z trudnościami, sygnał słaby, dobry ton"
357,3,82,"Co oznacza w łączności telegraficznej raport 438?","dobrze czytelny, bardzo silny sygnał, dobry ton","czytelny z trudnościami, słaby sygnał, bardzo dobry ton","czytelny, słaby sygnał, dobry ton sygnału"
358,3,83,"Co to jest okręg wywoławczy?","obszar, na którym pracuje maksimum 1000 radiostacji amatorskich","obszar odpowiadający podziałowi terytorialnemu Polski na województwa","zwyczajowo przyjęty obszar w granicach jednego lub dwóch województw"
359,3,84,"Na ile okręgów wywoławczych podzielona jest Polska?","16","10","9"
360,3,85,"Jak zbudowane są znaki wywoławcze radiostacji amatorskich?","dwie litery, cyfra, dwie do pięciu liter, np. SP3AB lub SP3ABCDE","dwie litery, cyfra, dwie do trzech liter, np. SP3AB lub SP3ABC","dwie litery lub cyfra i litera, cyfra, jeden do czterech znaków (liter lub cyfr), gdzie ostatni jest literą, np. SP3A lub SP3ABCD"
361,3,86,"Które prefiksy znaków wywoławczych przeznaczone są dla Polski?","HF, SN, SO, SP, SQ, SR, 3Z","HF, SN, SO, SP, SQ, 3Z, 3X","HA, SM, SO, SP, SQ, SR, 3Z"
362,3,87,"Zakres częstotliwości przeznaczony dla służby amatorskiej w paśmie 160 m to:","1810 kHz – 1950 kHz","1810 kHz – 2000 kHz","1810 kHz – 1980 kHz"
363,3,88,"Zakres częstotliwości przeznaczony dla służby amatorskiej w paśmie 80 m to:","3550 kHz – 3750 kHz","3500 kHz – 3750 kHz","3500 kHz – 3800 kHz"
364,3,89,"Zakres częstotliwości przeznaczony dla służby amatorskiej w paśmie 40 m to:","7000 kHz – 7200 kHz","7100 kHz – 7300 kHz","7050 kHz – 7200 kHz"
365,3,90,"Zakres częstotliwości przeznaczony dla służby amatorskiej w paśmie 30 m to:","10050 kHz – 10200 kHz","10100 kHz – 10150 kHz","10100 kHz – 10200 kHz"
366,3,91,"Zakres częstotliwości przeznaczony dla służby amatorskiej w paśmie 20 m to:","14000 kHz – 14350 kHz","14000 kHz – 14450 kHz","14100 kHz – 14350 kHz"
367,3,92,"Zakres częstotliwości przeznaczony dla służby amatorskiej w paśmie 17 m to:","18050 kHz – 18250 kHz","18068 kHz – 18168 kHz","18000 kHz – 18168 kHz"
368,3,93,"Zakres częstotliwości przeznaczony dla służby amatorskiej w paśmie 15 m to:","21000 kHz – 21500 kHz","21100 kHz – 21450 kHz","21000 kHz – 21450 kHz"
369,3,94,"Zakres częstotliwości przeznaczony dla służby amatorskiej w paśmie 12 m to:","24690 kHz – 24990 kHz","24890 kHz – 24990 kHz","24680 kHz – 24990 kHz"
370,3,95,"Zakres częstotliwości przeznaczony dla służby amatorskiej w paśmie 10 m to:","28500 kHz – 29800 kHz","28000 kHz – 29500 kHz","28000 kHz – 29700 kHz"
371,3,96,"Zakres częstotliwości przeznaczony dla służby amatorskiej w paśmie 6 m to:","50 MHz – 54 MHz","50 MHz – 52 MHz","50 MHz – 53,5 MHz"
372,3,97,"Zakres częstotliwości przeznaczony dla służby amatorskiej w paśmie 2 m to:","144 MHz – 146 MHz","144 MHz – 148 MHz","143 MHz – 146 MHz"
373,3,98,"Co to jest bandplan IARU?","podział zakresów częstotliwości na segmenty przeznaczone dla poszczególnych rodzajów emisji lub kanały robocze","podział częstotliwości osobno nadawczych i odbiorczych","plan przydziału częstotliwości dla poszczególnych krajów"
374,3,99,"Czy dopuszcza się w bandplanie IARU możliwość pracy emisją jednowstęgową (SSB) w zakresie częstotliwości 10100 kHz – 10150 kHz (pasmo 30 m)?","nie ma żadnych ograniczeń co do stosowanych emisji","jest całkowity zakaz używania emisji jednowstęgowej w tym zakresie","dopuszcza się użycie SSB w sytuacjach bezpośredniego zagrożenia dla bezpieczeństwa życia i mienia i wyłącznie przez stacje uczestniczące w akcji ratunkowej."
375,3,100,"Jaki jest odstęp między częstotliwością nadawczą a odbiorczą przemienników pracujących w paśmie 2 m?","600 kHz","650 kHz","800 kHz"
376,4,1,"Jak nazywa się organ międzynarodowy ustalający ogólnoświatowe zasady wykonywania działalności telekomunikacyjnej i radiokomunikacyjnej?","Organizacja Narodów Zjednoczonych (ONZ)","Międzynarodowy Związek Telekomunikacyjny (ITU)","Światowa Organizacja Handlu (WTO)"
377,4,2,"Gdzie mieści się siedziba Międzynarodowego Związku Telekomunikacyjnego (ITU)?","w Nowym Jorku","w Wiedniu","w Genewie"
378,4,3,"Ile krajów zrzesza Międzynarodowy Związek Telekomunikacyjny?","50-100","100-150","150-200"
379,4,4,"Jaki organ Międzynarodowego Związku Telekomunikacyjnego (ITU) decyduje o przeznaczeniach poszczególnych zakresów częstotliwości dla różnych służb radiokomunikacyjnych?","Rada Międzynarodowego Związku Telekomunikacyjnego (ITU)","Światowe Konferencje Radiokomunikacyjne","Biuro Radiokomunikacji ITU"
380,4,5,"Jaki dokument obowiązujący wszystkie kraje członkowskie Międzynarodowego Związku Telekomunikacyjnego (ITU) określa zasady wykonywania służby radiokomunikacyjnej amatorskiej i służby amatorskiej satelitarnej oraz wymienia przyznane tym służbom zakresy częstotliwości?","Konstytucja ITU","Regulamin Radiokomunikacyjny (Radio Regulations) ITU","Konwencja ITU"
381,4,6,"W którym roku Rzeczpospolita Polska przystąpiła do Międzynarodowego Związku Telekomunikacyjnego (ITU)?","1921","1935","1956"
382,4,7,"Jak brzmi definicja służby amatorskiej zamieszczona w Regulaminie Radiokomunikacyjnym Międzynarodowego Związku Telekomunikacyjnego (ITU)","„służba radiokomunikacyjna wykonywana przez radioamatorów w celu nawiązywania wzajemnych znajomości i wymiany informacji technicznych”","„służba radiokomunikacyjna mająca na celu samokształcenie, wzajemne komunikowanie się i eksperymenty techniczne prowadzone przez amatorów, to jest przez odpowiednio upoważnione osoby interesujące się techniką radiową wyłącznie z pobudek osobistych, bez celów zarobkowych”","„służba radiokomunikacyjna mająca na celu badanie propagacji fal radiowych w zakresach krótkofalowym i ultrakrótkofalowym oraz warunków meteorologicznych”"
383,4,8,"Regulamin Radiokomunikacyjny ITU dzieli świat na trzy regiony. W którym regionie radiokomunikacyjnym znajduje się Polska?","w trzecim","w pierwszym","w drugim"
384,4,9,"Czy Regulamin Radiokomunikacyjny ITU przewiduje wykorzystanie stacji amatorskich w akcjach humanitarnych, niesienia pomocy w przypadkach katastrof, klęsk żywiołowych i innych zagrożeń?","nie zezwala na takie wykorzystanie stacji amatorskich","niezbędny jest specjalny wpis do pozwolenia radioamatorskiego","usilnie zaleca się wykorzystywanie stacji amatorskich w powyższych przypadkach"
385,4,10,"Czy Regulamin Radiokomunikacyjny reguluje zasady przyznawania znaków wywoławczych stacjom amatorskim?","nie, regulują to przepisy krajowe","tak, Regulamin Radiokomunikacyjny określa ściśle zasady przyznawania znaków","nie, znak wywoławczy obiera sobie sam operator stacji"
386,4,11,"Czy postanowienia Regulaminu Radiokomunikacyjnego ITU dotyczące służby amatorskiej obowiązują również w służbie amatorskiej satelitarnej?","tak, obowiązują","nie, obowiązują odrębne przepisy","nie obowiązują żadne przepisy"
387,4,12,"Co zgodnie z Regulaminem Radiokomunikacyjnym ITU musi zapewnić operator amatorskiej orbitalnej stacji satelitarnej?","nadawanie przez amatorską stację satelitarną jej znaku wywoławczego","niezwłoczne zdalne wyłączenie amatorskiej stacji satelitarnej w przypadku powodowania przez nią szkodliwych zakłóceń dla innych służb radiokomunikacyjnych","nadawanie przez amatorską stację satelitarną komunikatów meteorologicznych"
388,4,13,"Jak nazywa się organ międzynarodowy zrzeszający krajowe administracje łączności z terenu Europy?","Rada Europy (EC)","Europejska Konferencja Administracji Pocztowych i Telekomunikacyjnych (CEPT)","Organizacja Bezpieczeństwa i Współpracy w Europie (OBWE)"
389,4,14,"Gdzie mieści się siedziba Europejskiego Biura Komunikacji (ECO)?","w Brukseli","w Helsinkach","w Kopenhadze"
390,4,15,"Jakiego rodzaju dokumenty regulujące działalność radiokomunikacyjną w Europie przyjmuje i wprowadza Europejska Konferencja Administracji Pocztowych i Telekomunikacyjnych (CEPT) i publikuje Europejskie Biuro Komunikacji (ECO)?","decyzje","decyzje i zalecenia","decyzje, zalecenia i raporty"
391,4,16,"Jakie dokumenty Europejskiej Konferencji Administracji Pocztowych i Telekomunikacyjnych (CEPT) regulują sprawę międzynarodowego uznawania pozwoleń i międzynarodowych wymagań egzaminacyjnych w służbie amatorskiej?","Uchwały Komitetu Komunikacji Elektronicznej CEPT","Zalecenia CEPT T/R 61-01 i T/R 61-02","Zalecenia CEPT T/R 22-01 i T/R 22-02"
392,4,17,"Przez jaki okres czasu może posiadacz międzynarodowego pozwolenia amatorskiego zgodnego z zaleceniem CEPT T/R 61-01 pracować z terytorium innego kraju uznającego to zalecenie, bez konieczności uzyskiwania pozwolenia od miejscowej administracji łączności?","1 miesiąc","3 miesiące","1 rok"
393,4,18,"Czy przepisy Międzynarodowego Związku Telekomunikacyjnego (ITU) i Europejskiej Konferencji Administracji Pocztowych i Telekomunikacyjnych (CEPT) wprowadzają obowiązkowy wymóg umiejętności odbioru i nadawania znaków w kodzie Morse’a przy egzaminie na świadectwo radiooperatora w służbie amatorskiej?","wprowadzają wymóg jako obowiązkowy","pozostawiają powyższy wymóg do decyzji krajowych administracji łączności","znoszą całkowicie powyższy wymóg"
394,4,19,"Kto określa maksymalną moc wyjściową radiostacji amatorskiej podawaną w pozwoleniu?","Międzynarodowy Związek Telekomunikacyjny (ITU)","Europejskie Biuro Komunikacji (ECO)","krajowa administracja łączności"
395,4,20,"Jaka organizacja reprezentuje służbę amatorską na forum międzynarodowym?","Międzynarodowy Związek Telekomunikacyjny (ITU)","Międzynarodowy Związek Radioamatorów (IARU)","Europejskie Biuro Komunikacji (ECO)"
396,4,21,"Ile organizacji regionalnych składa się na ogólnoświatowy Międzynarodowy Związek Radioamatorów (IARU – the International Amateur Radio Union)?","trzy","cztery","pięć"
397,4,22,"W którym roku i w jakim miejscu powstał Międzynarodowy Związek Radioamatorów (IARU)?","w roku 1930 w Genewie","w roku 1925 w Paryżu","w roku 1910 w Berlinie"
398,4,23,"W którym roku powstał Polski Związek Krótkofalowców (PZK)?","w roku 1924","w roku 1930","w roku 1946"
399,4,24,"Jaki organ krajowy reguluje i kontroluje pracę stacji amatorskich oraz wydaje pozwolenia w służbie amatorskiej?","Minister właściwy do spraw łączności","Prezes Urzędu Komunikacji Elektronicznej","Minister właściwy do spraw wewnętrznych"
400,4,25,"Jaki podstawowy akt prawny reguluje działalność telekomunikacyjną i radiokomunikacyjną w Polsce?","statut Urzędu Komunikacji Elektronicznej (UKE)","ustawa Prawo ochrony środowiska","ustawa Prawo telekomunikacyjne"
401,4,26,"W jakim dokumencie określone są zakresy częstotliwości przeznaczone w Polsce dla służby amatorskiej i służby amatorskiej satelitarnej?","w ustawie Prawo telekomunikacyjne","w rozporządzeniu Rady Ministrów w sprawie Krajowej Tablicy Przeznaczeń Częstotliwości","w decyzjach Prezesa Urzędu Komunikacji Elektronicznej"
402,4,27,"Czy stosowane w Krajowej Tablicy Przeznaczeń Częstotliwości określenie „służba pierwszej ważności” oznacza, że:","służba taka nie jest chroniona przed szkodliwymi zakłóceniami ze strony służb drugiej ważności","służba taka może żądać ochrony przed szkodliwymi zakłóceniami ze strony stacji tej samej lub innych służb, którym częstotliwości zostały już przydzielone","służba taka jest chroniona przed szkodliwymi zakłóceniami ze strony stacji służb drugiej ważności oraz ze strony stacji tej samej lub innych służb pierwszej ważności, którym częstotliwości zostały przydzielone w późniejszym terminie, służba taka nie może powodować szkodliwych zakłóceń w pracy stacji służb pierwszej ważności, którym wcześniej przydzielono częstotliwości"
403,4,28,"Czy stosowane w Krajowej Tablicy Przeznaczeń Częstotliwości określenie „służba drugiej ważności” oznacza, że:","służba taka może powodować szkodliwe zakłócenia w pracy stacji służb pierwszej ważności, którym przydzielono częstotliwości lub mogą być przydzielone w późniejszym terminie","służba taka nie może powodować szkodliwych zakłóceń w pracy stacji służb drugiej ważności, którym wcześniej przydzielono częstotliwości; służba taka nie może żądać ochrony przed szkodliwymi zakłóceniami ze strony stacji służb pierwszej ważności; służba taka może jednak żądać ochrony przed szkodliwymi zakłóceniami ze strony stacji tej samej lub innych służb drugiej ważności, którym częstotliwości zostały przydzielone w późniejszym terminie","służba taka nie może żądać ochrony przed szkodliwymi zakłóceniami ze strony stacji tej samej lub innych służb drugiej ważności, którym częstotliwości zostały przydzielone w późniejszym terminie"
404,4,29,"Jaki dokument określa kategorie pozwoleń w służbie amatorskiej i dozwolone moce wyjściowe radiostacji amatorskiej?","ustawa Prawo telekomunikacyjne","rozporządzenie ministra właściwego do spraw łączności","zarządzenie Prezesa Urzędu Komunikacji Elektronicznej"
405,4,30,"Do czego upoważnia świadectwo operatora klasy A w służbie radiokomunikacyjnej amatorskiej?","do uzyskania pozwolenia amatorskiego kategorii 1","do uzyskania pozwolenia amatorskiego kategorii 3","wyłącznie do pracy na radiostacji klubowej"
406,4,31,"Do czego upoważnia świadectwo operatora klasy C w służbie radiokomunikacyjnej amatorskiej?","do uzyskania pozwolenia amatorskiego kategorii 2","do uzyskania pozwolenia amatorskiego kategorii 3","do organizowania zawodów w amatorskiej radiolokacji sportowej"
407,4,32,"Na jaki okres czasu wydawane są indywidualne pozwolenia amatorskie kategorii 1 i 3?","10 lat","15 lat","dożywotnio"
408,4,33,"Na jaki okres czasu wydawane są pozwolenia amatorskie kategorii 5?","5 lat","10 lat","15 lat"
409,4,34,"Jaka jest maksymalna moc wyjściowa radiostacji amatorskiej w przypadku pozwolenia kategorii 1 uzyskanego po raz pierwszy?","50 watów","500 watów","250 watów"
410,4,35,"Jaka jest maksymalna moc wyjściowa radiostacji amatorskiej w przypadku pozwolenia kategorii 3?","15 watów","100 watów","150 watów"
411,4,36,"Jaka jest moc maksymalna wyjściowa radiostacji amatorskiej w przypadku pozwolenia kategorii 5?","50 watów dla nadajnika poniżej 30MHz, a 15 watów da nadajnika powyżej 30MHz","50 watów","150 watów"
412,4,37,"Jaka jest maksymalna moc wyjściowa radiostacji w przypadku pozwolenia dodatkowego?","500 watów","1000 watów","1500 watów"
413,4,38,"W jakich zakresach krótkofalowych może pracować operator posiadający pozwolenie kategorii 1?","3500 – 3800 kHz oraz 7000 – 7100 kHz","7000 – 7100 kHz oraz 28000 – 29700 kHz","we wszystkich zakresach częstotliwości przeznaczonych dla służby radiokomunikacyjnej amatorskiej na terytorium RP"
414,4,39,"W jakich zakresach częstotliwości może pracować operator posiadający pozwolenie kategorii 3?","28000 – 29700 kHz oraz 144 – 146 MHz","1,81-2 MHz; 3,5-3,8 MHz; 7-7,2 MHz; 14-14,35 MHz; 21-21,45 MHz; 28-29,7 MHz, 144 – 146 MHz; 430 – 440 MHz oraz 10-10,5 GHz.","28000 – 29700 kHz oraz 430 – 440 MHz"
415,4,40,"Jaki jest minimalny wiek, w którym można przystąpić do egzaminu i uzyskać świadectwo operatora urządzeń radiowych w służbie amatorskiej oraz uzyskać pozwolenie dla służby radiokomunikacyjnej amatorskiej?","10 lat dla uzyskania świadectwa klasy C oraz 15 lat dla uzyskania świadectwa klasy A","15 lat dla uzyskania świadectwa klasy A i C","nie określono minimalnego wieku"
416,4,41,"Jakimi rodzajami emisji radiowych wolno pracować operatorowi w służbie amatorskiej w zakresie częstotliwości 50 – 52 MHz?","wyłącznie emisją A1A (telegrafia)","wyłącznie emisją F3E (telefonia z modulacją częstotliwości)","wszystkimi rodzajami emisji z wyjątkiem F3E"
417,4,42,"Jakimi rodzajami emisji radiowych i z jaką mocą wolno pracować operatorowi w służbie amatorskiej w zakresie częstotliwości 135,7 – 137,8 kHz?","wyłącznie emisją A1A (telegrafia) z mocą wyjściową 150 watów","wszystkimi rodzajami emisji z mocą wyjściową 250 watów","wyłącznie emisją A1A (telegrafia) z mocą 1 wat e.i.r.p. (równoważna moc promieniowana izotropowo)"
418,4,43,"Jaki dokument określa klasy świadectw operatora radiowego w służbie amatorskiej i wymagania egzaminacyjne na poszczególne klasy świadectw?","rozporządzenie ministra właściwego do spraw łączności","ustawa Prawo telekomunikacyjne","Krajowa Tablica Przeznaczeń Częstotliwości"
419,4,44,"Jak powinien postąpić operator stacji amatorskiej w razie przypadkowego odebrania wiadomości nie przeznaczonej dla służby amatorskiej?","rozpowszechnić odebraną wiadomość w internecie","zachować treść wiadomości w ścisłej tajemnicy","zachować treść wiadomości w ścisłej tajemnicy, zaś w przypadku gdy odebrana wiadomość zawiera istotne dla funkcjonowania Państwa lub porządku publicznego informacje – powiadomić najbliższą jednostkę Urzędu Komunikacji Elektronicznej"
420,4,45,"Czy operator stacji amatorskiej może przekazywać przy pomocy swej radiostacji wiadomości pochodzące od osób trzecich i przeznaczone dla osób trzecich?","jest to dopuszczalne","jest to surowo zabronione","jest to dopuszczalne, jeśli stacja amatorska bierze udział w akcji niesienia pomocy lub likwidacji skutków klęsk żywiołowych i katastrof"
421,4,46,"Jak często operator radiostacji amatorskiej powinien podawać podczas łączności znak wywoławczy swej stacji?","co pół godziny","tak często, jak jest to w praktyce możliwe, przynajmniej na początku i na końcu każdego nadawania","nie musi podawać znaku wywoławczego"
